"Th2","207a23ff-c272-4808-934a-1d7a4fc9808a/1","7d9a48b9-6864-4c65-ada9-9690a4318acc/1","01729e53-056c-45e7-8633-9ec7906897e0/1","8ecd787e-f415-4617-9f6b-5e7f0412a617/1","922e3a2b-5e36-4acd-bb6e-e53dec687a41/1","3ee03611-051b-4087-9453-96fcfe1df933/1","6d04be6c-9637-4eee-8a5e-8a137ad8092f/1","bb03f5c3-b6ce-442a-8465-e96827830d9c/1","5da8d81c-a3b8-4db0-8aab-dec1beba5c0b/1","3cdf054d-5466-450b-8169-5419ec0e7b52/1","3a62b86b-8ef3-4897-b527-d5afa72c1222/1","d285d63e-0a10-46da-a4b4-d5cb72e76ba5/1","62ff2639-b9e7-4140-84dc-e13b802e3bbb/1","ac42826a-641a-4106-ac93-ebf83facbd19/1","f1337822-56e2-4058-8c94-6c802c66bb97/1","ea379382-b59f-42ab-add0-6bb96ece69a9/1","c1f131a7-e14c-4a8b-893e-5f61deb7848f/1","d5e3c8eb-57ae-43bc-b011-588b99e48f47/1","b44a0e41-a56b-4204-86b7-2fc218648349/1","d0bcc552-6fdb-44e5-bbd0-9b502eebc7cf/1","34d42327-3b7a-44e3-a38d-740009806fbb/1","8b70cc55-5531-4df4-b823-b6036c1db610/1","e203753b-b862-461b-9159-52f8e30552dc/1","404cbaf7-c350-4846-8e64-2745d42400e2/1","c8130f34-5bf9-4e96-af3b-fcae73026446/1","275c3e53-89c4-46cc-b325-06dc6e2db6c5/1","6bb0fe7f-a753-4b51-81e6-23782669d940/1","ac848fc6-6731-4ba9-b0f0-d6d3c8b7efab/1","ab8f7cc6-944b-40ff-be2b-9c3d4c881993/1","868d8185-c522-4e2d-acdb-05db7bac856f/1","0004f648-5a7c-438f-b2af-ee53c6aa5c3e/1","8913409f-7616-41af-8525-e1bdeee75709/1","2ed6953b-f445-4235-ae7e-0f740707527f/1","3dcd873d-a8d6-42c4-bd5b-7db69c5dec87/1","95ea7859-4001-4616-b4fa-ac9ebeceae9c/1","64827a46-8342-4e84-989b-8d493a34aa04/1","b4b5cbb5-1960-4546-a5b6-3dff20656ebb/1","68817569-7bf9-4f22-8e4a-53e8521ec920/1","c25b89b4-4cf2-44f4-9fd7-6ea765c58aff/1","5c853a23-ce13-4f5b-882f-dc52c738503e/1","9d66822c-cb9b-41f6-828f-3d54cbb1b749/1","c23a2d3a-392b-45e0-a2cc-beff1e3d7612/1","48a18cbd-f5f1-4c5c-8ef9-69b7afa4133d/1","1aaa7398-1ebe-483e-a8e6-6381a1176ae5/1","e01155ea-baa6-47c8-9aaf-ab9d4e17ffa3/1","01f25ccd-69fc-46b4-a0bb-f874a22829bf/1","a900e1ae-a463-4528-ad0d-ef9a4498d72c/1","62af7101-9075-46e1-af14-0787c690751e/1","c9109f9f-a436-412d-8a2d-911c2ad97ee4/1","3742cb14-f588-402d-97ae-c6ae953d17ce/1","c82e122d-a89f-4d83-bf47-1c5324db940b/1","a72273a9-076d-461f-afb5-5fabbb9bd49d/1","15800c52-3718-47d8-b35c-a1e4f10dad93/1","a18e8919-24be-4394-a8e0-32d180483521/1","8eccc396-66de-488a-ab21-3198fc144ad1/1","2a53e68c-15ac-41d5-9c6d-de816ae0ef42/1","58861b02-74a6-4c8d-9dd1-5f495c6ddb6b/1","46d6ba74-b3f9-4425-8551-96bf3e1727cd/1","e53d32e3-824d-4f7b-b8bb-262234210f77/1","31a3ae1b-ff75-4b2f-9476-07d4a74ee4e3/1","7dd0c1ab-9eb0-4665-93d2-a3d0fe9ccb94/1","2c596888-bca5-4f4c-9cf1-6052591b578f/1","84d0fbc7-3925-4848-bf24-3cfc97db55a0/1","c91dab3f-9b60-4440-a48c-c83bb494500d/1","6341f079-5f17-4ac8-aa73-00afa7c6ae36/1","9ccb7895-903e-4148-81e0-e26e6c5c6244/1","8336ca0b-3840-4e2a-adb3-da35b5c7259a/1","40c2df64-c344-4789-ba3a-c5dd3c0b5a37/1","879f9dfe-e9bf-41e0-a01d-73f6d587cf56/1","5c843d4f-e42c-4a6c-9420-ec85f02ed1db/1","053095c1-dd43-4f94-9f3f-5c143898c055/1","2135663e-ab0e-4ad2-94a2-1e6ae1d2a502/1","683a8a2f-083a-45fe-ad26-99dca08cdbe3/1","7b0bcc16-c3ef-4dc4-87d0-a02861599983/1","1cd6663d-322d-4ef4-bf05-2da4951b7e8d/1","5c1ebb24-f20a-4b79-8e64-ee74ef4b5dd5/1","63045696-ca75-4cd4-a7d3-ea7f97dd348f/1","50b2dd01-c6d3-4dd9-ab98-7dd1d3224a3e/1","bef931a1-87c9-4a51-8c56-5c3149aef157/1","96427b71-2fdf-40a2-bdee-6157783ad16c/1","16058252-5125-4a43-a020-50a7c0154507/1","8f13a780-a691-4b4e-ac97-d51aab93d7b6/1","74659711-e568-42aa-8166-10049ceaafb5/1","a3c625df-679a-4258-bbc7-77b40094130f/1","extracted_numbers"
100,96.381,96.257,95.973,95.968,95.705,95.606,96.054,95.559,95.57,95.565,95.232,95.302,94.927,94.765,94.624,94.533,94.149,94.054,93.817,93.591,93.28,92.886,93.127,92.676,92.617,92.523,92.42,92.647,92.126,92.07,91.957,92.162,91.007,90.738,89.2,89.233,86.3,85.241,82.714,80.623,79.553,79.908,100,NA,NA,NA,NA,NA,NA,NA,NA,NA,NA,NA,NA,NA,NA,NA,NA,NA,NA,NA,NA,NA,NA,NA,NA,NA,NA,NA,NA,NA,NA,NA,NA,NA,NA,NA,NA,NA,NA,NA,NA,NA,0
100,95.746,95.003,95.813,96.19,96.486,93.026,95.422,94.205,97.341,96.952,94.148,94.428,93.496,93.735,94.226,94.132,90.86,95.238,91.503,94.976,93.88,95.232,95.021,92.729,93.456,93.806,95.585,94.961,92.499,84.693,87.463,93.091,94.702,91.569,89.76,93.254,89.382,95.736,93.613,81.045,88.355,78.484,NA,94.324,92.552,NA,NA,NA,NA,NA,NA,NA,NA,NA,NA,NA,NA,NA,NA,NA,NA,NA,NA,NA,NA,NA,NA,NA,NA,NA,NA,NA,NA,NA,NA,NA,NA,NA,NA,NA,NA,NA,NA,NA,1
100,96.635,95.704,95.848,96.071,97.027,90.198,92.982,95.159,97.265,97.062,92.455,94,96.318,95.6,94.656,95.03,94.668,97.156,91.647,93.537,93.381,95.374,97.622,94.844,92.562,92.263,95.524,91.711,94.934,84.217,91.373,95.379,95.357,94.431,91.834,92.729,93.545,NA,94.258,83.466,85.864,80.151,NA,97.262,94.431,93.026,NA,NA,NA,NA,NA,NA,NA,NA,NA,NA,NA,NA,NA,NA,NA,NA,NA,NA,NA,NA,NA,NA,NA,NA,NA,NA,NA,NA,NA,NA,NA,NA,NA,NA,NA,NA,NA,NA,2
100,96.512,91.739,97.767,96.893,93.805,94.767,NA,96.525,96.042,97.58,94.595,94.192,NA,93.168,94.6,94.869,95.441,96.086,89.006,94.595,94.961,93.858,93.385,94.407,94.216,92.913,96.232,95.082,94.365,94.305,85.687,95.238,96.373,93.171,90.282,88.116,89.62,NA,95.058,81.493,86.89,82.126,NA,94.347,95.34,96.599,96.979,94.88,NA,NA,NA,NA,NA,NA,NA,NA,NA,NA,NA,NA,NA,NA,NA,NA,NA,NA,NA,NA,NA,NA,NA,NA,NA,NA,NA,NA,NA,NA,NA,NA,NA,NA,NA,NA,3
100,97,96.597,97.898,94.516,93.353,92.3,NA,93.127,95.418,97.203,93.638,91.667,NA,94.91,94.317,87.773,95.01,95.787,88.844,92.963,89.672,95.409,95.319,92.949,91.468,95.03,89.318,95.432,92.118,90.504,86.667,92.702,94.544,95.214,90.275,95.3,94.246,NA,93.34,80.901,81.046,77.59,NA,92.736,95.025,94.605,95.639,92.751,96.032,97.595,NA,NA,NA,NA,NA,NA,NA,NA,NA,NA,NA,NA,NA,NA,NA,NA,NA,NA,NA,NA,NA,NA,NA,NA,NA,NA,NA,NA,NA,NA,NA,NA,NA,NA,4
100,97.522,94.872,94.859,92,96.178,90.675,NA,91.606,98.519,98.157,94.75,91.453,NA,95.449,90.366,91.468,94.01,96.319,89.841,91.23,94.383,94.146,95.443,94.024,95,94.223,95.471,95.197,92.015,92.63,90.061,95.388,94.568,96.455,87.952,96.936,90.085,NA,96.535,78.271,82.704,79.298,NA,92.901,95.244,92.092,95.349,94.198,93.47,95.25,NA,NA,NA,NA,NA,NA,NA,NA,NA,NA,NA,NA,NA,NA,NA,NA,NA,NA,NA,NA,NA,NA,NA,NA,NA,NA,NA,NA,NA,NA,NA,NA,NA,NA,5
100,95.189,95.641,96.347,92.764,96.732,93.852,NA,94.408,97.513,96.554,94.689,91.982,NA,93.299,92.801,93.718,94.419,96.806,95.538,95.35,95.443,95.097,97.448,96.484,93.91,91.995,96.005,95.714,92.778,87.541,87.727,93.463,95.647,95.765,87.435,93.099,93.415,NA,93.491,75.844,77.238,74.653,NA,95.059,95.825,93.303,95.272,95.117,95.375,96.289,NA,NA,NA,NA,NA,NA,NA,NA,NA,NA,NA,NA,NA,NA,NA,NA,NA,NA,NA,NA,NA,NA,NA,NA,NA,NA,NA,NA,NA,NA,NA,NA,NA,NA,6
100,97.533,98.108,96.377,96.081,95.231,93.571,NA,93.343,96.398,98.256,95.663,94.813,NA,94.928,89.67,90.244,94.228,96.382,89.714,94.79,95.773,89.383,97.097,93.913,94.559,93.02,94.79,96.237,90.157,85.447,92.701,94.236,97.23,95.481,91.691,94.372,94.635,NA,97.956,NA,85.528,81.109,NA,94.372,95.09,96.943,96.835,93.75,94.194,95.501,NA,NA,NA,NA,NA,NA,NA,NA,NA,NA,NA,NA,NA,NA,NA,NA,NA,NA,NA,NA,NA,NA,NA,NA,NA,NA,NA,NA,NA,NA,NA,NA,NA,NA,7
100,97.352,97.488,98.116,97.344,98.583,95.632,NA,97.649,96.573,98.268,97.276,96.875,NA,96.106,94.072,95.455,96.724,97.806,96.89,94.053,94.264,95.49,98.428,95.476,95.95,93.178,94.127,94.062,94.976,94.778,94.696,97.297,97.956,95.899,90.679,95.511,94.384,NA,95.171,NA,89.391,81.24,NA,97.802,98.748,97.819,96.899,95.483,95.327,97.017,NA,NA,NA,NA,NA,NA,NA,NA,NA,NA,NA,NA,NA,NA,NA,NA,NA,NA,NA,NA,NA,NA,NA,NA,NA,NA,NA,NA,NA,NA,NA,NA,NA,NA,8
100,94.824,94.674,97.7,96.777,95.115,97.412,NA,95.868,96.734,95.488,94.959,96.286,NA,94.21,95.221,93.631,95.321,96.872,90.355,93.79,95.791,94.388,96.7,94.775,95.58,91.352,95.533,95.33,93.641,90.507,93.787,NA,95.776,94.732,88.44,89.164,90.909,NA,90.651,NA,75.956,81.455,NA,94.393,93.015,95.956,95.124,95.874,95.86,96.494,91.24,93.317,92.216,NA,NA,NA,NA,NA,NA,NA,NA,NA,NA,NA,NA,NA,NA,NA,NA,NA,NA,NA,NA,NA,NA,NA,NA,NA,NA,NA,NA,NA,NA,NA,9
100,95.413,97.619,94.379,96.707,96.407,89.535,NA,96.716,NA,95.536,94.97,97.313,NA,95.029,92.537,92.582,96.429,95.522,91.176,91.254,96.024,94.328,92.582,97.904,93.452,88.496,93.195,97.313,90.39,89.933,93.808,NA,94.311,95,92.035,94.72,94.643,NA,87.059,NA,NA,83.136,NA,94.94,95.536,97.612,92.69,94.91,95.536,93.694,85.449,92.669,91.15,NA,NA,NA,NA,NA,NA,NA,NA,NA,NA,NA,NA,NA,NA,NA,NA,NA,NA,NA,NA,NA,NA,NA,NA,NA,NA,NA,NA,NA,NA,NA,10
100,96.084,94.281,95.613,95.926,94.214,94.449,NA,96.262,NA,96.429,95.672,95.62,NA,92.73,94.362,95.015,92.708,95.138,90.2,94.572,95.892,94.49,96.316,90.565,93.858,92.868,95.238,92.928,93.982,90.052,89.118,NA,95.911,94.729,92.06,84.819,90.618,NA,88.552,NA,NA,84.855,NA,94.713,93.722,94.482,95.323,94.764,94.753,95.604,84.096,94.188,94.366,96.341,NA,NA,NA,NA,NA,NA,NA,NA,NA,NA,NA,NA,NA,NA,NA,NA,NA,NA,NA,NA,NA,NA,NA,NA,NA,NA,NA,NA,NA,NA,11
100,94.525,95.185,96.805,95.09,95.73,90.679,NA,94.077,NA,NA,94.485,95.783,NA,94.85,94.828,93.562,95.533,94.978,92.605,88.498,93.219,95.107,92.361,95.675,93.846,NA,95.976,96.845,92.643,93.626,91.745,NA,96.055,96.364,83.235,92.295,89.03,NA,95.83,NA,NA,84.934,73.836,94.214,94.574,92.754,94.525,95.615,94.188,95.076,81.803,92.189,91.588,94.325,NA,NA,NA,NA,NA,NA,NA,NA,NA,NA,NA,NA,NA,NA,NA,NA,NA,NA,NA,NA,NA,NA,NA,NA,NA,NA,NA,NA,NA,NA,12
100,95.441,96.703,94.752,97.352,96.82,95.215,NA,95.017,NA,NA,93.638,95.667,NA,97.191,94.667,96.043,94.658,96.835,93.901,94.141,94.983,95.839,93.659,94.496,93.301,NA,96.045,93.095,94.055,94.907,90.516,NA,96.316,95.737,90.725,92.143,93.951,NA,95.827,NA,77.728,81.169,72.564,93.655,89.397,96.077,94.08,94.721,96.178,96.949,87.53,95.546,90.927,96.265,79.454,NA,NA,NA,NA,NA,NA,NA,NA,NA,NA,NA,NA,NA,NA,NA,NA,NA,NA,NA,NA,NA,NA,NA,NA,NA,NA,NA,NA,NA,13
100,97.471,96.518,89.515,97.864,94.358,96.332,NA,96.718,NA,NA,97.282,97.255,NA,92.176,97.076,96.699,95.56,98.051,96.699,97.661,92.717,96.693,95.367,90.272,95.183,NA,94.922,95.517,93.145,93.217,89.6,NA,94.22,94.747,NA,94.677,96.101,NA,93.214,NA,NA,82.022,NA,97.093,87.984,93.037,93.191,97.266,94.605,96.512,83.077,96.705,94.542,96.718,76.448,97.083,NA,NA,NA,NA,NA,NA,NA,NA,NA,NA,NA,NA,NA,NA,NA,NA,NA,NA,NA,NA,NA,NA,NA,NA,NA,NA,NA,NA,14
100,96.35,94.858,96.054,97.589,95.089,93.014,NA,93.927,NA,NA,94.68,95.397,NA,96.656,94.351,95.145,96.23,96.852,92.1,94.393,96.025,94.88,96.429,94.858,93.319,NA,95.303,95.816,92.324,93.132,89.969,NA,94.473,93.697,NA,93.528,94.381,NA,95.273,NA,76.037,87.646,NA,95.273,95.026,94.485,95.847,96.635,93.685,94.792,84.979,96.046,91.917,94.473,NA,96.331,96.035,NA,NA,NA,NA,NA,NA,NA,NA,NA,NA,NA,NA,NA,NA,NA,NA,NA,NA,NA,NA,NA,NA,NA,NA,NA,NA,NA,15
100,97.716,97.222,92.893,95.443,93.418,93.924,NA,92.911,NA,NA,94.67,96.401,NA,94.911,96.419,96.164,94.975,96.429,94.949,93.418,96.419,94.898,96.335,94.43,93.655,NA,96.692,98.465,90.25,95.443,81.934,NA,95.226,94.148,NA,93.458,88.945,NA,97.698,NA,NA,84.928,75.318,95.455,94.71,90.428,94.937,97.949,93.703,97.71,91.919,96.401,92.973,91.089,79.227,94.949,97.409,NA,NA,NA,NA,NA,NA,NA,NA,NA,NA,NA,NA,NA,NA,NA,NA,NA,NA,NA,NA,NA,NA,NA,NA,NA,NA,NA,16
100,94.589,94.989,96.716,96.489,97.389,91.124,NA,93.743,NA,NA,95.48,95.26,NA,95.701,95.516,91.196,94.257,95.814,93.034,97.052,96.023,95.238,95.593,95.687,92.063,NA,97.951,94.157,95.824,95.045,88.17,NA,93.534,96.836,NA,97.011,92.568,NA,94.388,NA,NA,77.06,NA,95.857,96.497,94.695,97.052,96.85,96.825,94.886,90.556,94.629,91.898,95.254,77.815,95.147,96.158,93.304,96.768,NA,NA,NA,NA,NA,NA,NA,NA,NA,NA,NA,NA,NA,NA,NA,NA,NA,NA,NA,NA,NA,NA,NA,NA,NA,17
100,97.948,97.201,96.248,94.953,94.766,93.211,NA,93.601,NA,NA,97.561,95.362,NA,94.61,95.514,95.88,96.992,94.972,93.47,95.701,94.455,96.075,96.816,96.289,94.475,NA,91.617,91.682,93.738,91.993,88.697,NA,93.809,93.727,NA,91.56,94.052,NA,93.889,NA,NA,85.794,NA,93.712,95.336,93.519,91.852,98.327,93.058,93.843,86.996,96.617,91.758,94.216,NA,96.075,95.725,91.176,96.488,84.492,NA,NA,NA,NA,NA,NA,NA,NA,NA,NA,NA,NA,NA,NA,NA,NA,NA,NA,NA,NA,NA,NA,NA,NA,18
100,98.165,94.521,98.14,94.57,99.078,94.47,NA,98.148,NA,NA,94.144,98.157,NA,97.183,94.393,96.759,89.286,94.977,98.165,97.183,97.222,96.789,95.853,95.794,97.222,NA,92.308,94.954,93.056,92.825,93.243,NA,98.624,95.495,NA,93.213,91.705,NA,96.759,NA,NA,85.185,NA,NA,97.248,96.774,97.235,95.872,97.235,92.889,NA,94.47,94.495,90.783,NA,NA,96.759,94.954,97.696,93.694,NA,NA,NA,NA,NA,NA,NA,NA,NA,NA,NA,NA,NA,NA,NA,NA,NA,NA,NA,NA,NA,NA,NA,NA,19
100,96.138,96.289,96.294,97.561,94.653,92.907,NA,95.059,NA,NA,94.29,95.315,NA,97.343,94.638,92.59,96.576,94.068,93.733,95.961,92.366,96.518,91.052,95.941,92.441,NA,94.585,96.436,94.959,92.453,87.015,NA,91.401,95.423,NA,92.798,95.018,NA,94.27,74.586,NA,84.04,82.927,84.135,96.528,95.334,95.752,96.597,94.986,95.435,83.84,94.752,92.936,95.095,81.441,95.978,95.288,94.437,96.098,87.373,93.679,95.399,NA,NA,NA,NA,NA,NA,NA,NA,NA,NA,NA,NA,NA,NA,NA,NA,NA,NA,NA,NA,NA,NA,20
100,92.213,94.292,96.07,96.058,95.535,92.887,77.918,95.15,78.205,78.095,94.933,91.417,78.436,94.063,93.867,91.478,92.008,88.81,94.105,95.036,95.114,95.756,77.525,95.53,88.167,76.19,90.835,94.99,92.459,92.638,86.934,74.75,95.53,94.203,NA,91.693,94.209,78.275,92.459,NA,85.963,82.329,93.056,82.664,94.84,92.842,94.583,93.229,93.814,96.384,87.552,94.416,88.787,95.535,83.559,93.867,91.192,93.88,94.118,90.112,92.516,95.67,78.571,77.305,79.872,79.167,75.895,78.025,77.204,78.105,77.358,77.5,78.041,79.762,74.232,76.78,78.8,76.792,76.37,75.873,72.055,NA,NA,NA,21
100,96.739,93.723,94.372,97.18,96.344,93.737,NA,95.064,NA,NA,95.415,95.228,NA,94.36,94.348,92.842,95.032,91.435,94.565,95.896,96.522,95.435,NA,93.709,95.238,NA,90.275,96.32,92.662,98.035,92.857,NA,97.603,98.043,NA,96.095,96.247,NA,97.598,75.751,82.883,84.043,NA,86.652,94.311,94.168,95.207,97.155,97.162,96.514,93.966,98.472,90.476,96.834,95.708,95.022,91.379,97.403,96.328,90.812,98.904,94.839,NA,NA,NA,NA,NA,NA,NA,NA,NA,NA,NA,NA,NA,NA,NA,NA,NA,NA,NA,NA,NA,NA,22
100,96.57,94.756,95.135,96.203,90.108,95.144,NA,91.921,NA,NA,95.871,NA,NA,96.203,96.37,87.546,96.57,NA,94.414,96.196,96.23,94.565,NA,94.765,94.474,NA,94.107,94.794,94.526,93.116,84.902,NA,96.545,97.075,NA,91.139,96.78,NA,93.934,NA,79.713,88.71,87.692,90.374,95.528,95.596,95.512,92.613,94.454,97.606,95.471,96.92,91.74,90.536,96.403,97.834,93.309,93.571,94.065,93.297,92.308,92.705,NA,NA,NA,97.917,NA,92.78,NA,NA,NA,NA,NA,NA,NA,NA,NA,NA,NA,NA,NA,NA,NA,NA,23
100,96.336,97.077,97.538,97.843,94.491,94.923,NA,94.368,NA,NA,95.991,NA,NA,93.837,97.55,95.969,97.853,NA,94.915,96.61,92.576,96.018,NA,94.037,93.124,NA,95.599,95.015,89.706,88.96,91.398,NA,94.064,95.579,NA,90.506,94.713,NA,94.154,NA,76.398,82.673,NA,94.073,93.548,92.802,95.732,96.641,93.405,97.397,92.261,94.648,91.691,94.444,98.015,90.62,94.198,95.246,94.864,95.579,96.347,97.893,NA,NA,NA,94.557,NA,90.44,NA,NA,NA,NA,NA,NA,NA,NA,NA,NA,NA,NA,NA,93.303,NA,NA,24
100,96.581,94.531,95.781,98.305,97.447,94.894,NA,91.983,NA,NA,NA,NA,NA,96.581,93.724,89.496,96.596,NA,95.339,97.468,98.718,92.308,NA,94.118,91.379,NA,96.121,92.797,93.59,87.967,89.823,NA,94.583,95.133,NA,95.745,98.305,NA,97.881,NA,NA,85.774,NA,97.021,91.026,96.581,95.536,95.726,99.149,96.218,94.492,96.154,93.644,98.298,96.639,90.047,97.881,93.697,89.212,94.167,96.209,96.624,NA,NA,NA,95.339,NA,94.142,NA,NA,NA,NA,NA,NA,NA,NA,NA,NA,NA,NA,NA,90.213,NA,NA,25
100,96.782,96.659,95.047,95.215,91.834,93.285,NA,93.009,NA,NA,NA,NA,NA,93.972,92.692,92.028,96.552,NA,94.543,94.431,90.07,93.009,NA,95.828,93.75,NA,93.324,91.686,89.554,92.857,89.176,NA,94.32,95.585,NA,93.214,92.389,NA,94.805,NA,76.042,90.651,NA,91.789,93.936,94.988,96.209,91.834,96.062,94.299,89.455,95.142,92.714,96.062,95.041,91.632,85,95.249,94.111,90.747,93.95,95.585,NA,NA,NA,94.438,NA,94.687,NA,NA,NA,NA,NA,NA,NA,NA,NA,NA,NA,NA,NA,94.353,NA,NA,26
100,96.232,95.906,97.067,95.575,92.775,96.188,NA,90.145,NA,NA,NA,NA,NA,93.586,92.775,93.842,95.64,NA,93.51,97.484,88.785,95.93,NA,93.678,89.565,NA,95.362,88.596,89.275,94.269,95.588,NA,96.308,94.828,NA,87.393,96.793,NA,95.058,NA,NA,80.802,NA,94.675,96.481,95.058,88.761,86.533,94.203,95.335,85.955,97.368,93.064,96.979,94.034,92.197,96.199,93.333,96.176,91.061,93.275,97.64,NA,NA,NA,95.93,NA,93.878,NA,NA,NA,NA,NA,NA,NA,NA,NA,NA,NA,95.918,NA,93.824,NA,NA,27
100,96.102,96.965,95.31,95.928,92.492,93.625,NA,94.197,NA,NA,NA,NA,NA,93.485,94.988,93.413,94.817,NA,94.145,94.856,NA,92.492,NA,95.441,93.825,NA,93.223,92.56,89.201,95.427,94.109,NA,93.967,94.681,NA,88.789,91.02,NA,86.033,NA,82.432,85.672,NA,92.922,95.593,92.879,98.634,90.24,96.928,96.206,91.454,96.96,93.016,93.072,96.651,95.077,94.545,93.76,94.127,91.815,92.169,95.909,NA,NA,NA,95.468,NA,94.073,NA,NA,NA,NA,NA,NA,NA,95.082,NA,NA,NA,94.162,NA,91.291,NA,NA,28
100,96.245,96.08,93.778,97.078,96.511,NA,NA,94.396,NA,NA,NA,NA,NA,97.349,NA,94.155,95.541,NA,92.603,97.164,NA,95.632,NA,95.136,94.964,NA,93.898,92.922,93.97,94.674,91.773,NA,97.521,95.521,NA,86.251,95.264,NA,93.801,73.408,80.769,88.149,73.673,96.898,96.147,94.236,96.182,96.895,94.968,95.29,89.243,94.904,90.45,92.523,92.203,95.294,94.48,93.716,95.996,93.681,93.665,95.803,NA,NA,NA,93.654,NA,94.641,NA,NA,NA,NA,NA,NA,NA,95.688,NA,NA,NA,95.712,NA,91.257,NA,NA,29
100,97.105,95.847,91.466,95.424,94.737,NA,NA,NA,NA,NA,NA,NA,NA,91.391,NA,90.732,94.889,NA,88.989,97.27,NA,94.975,NA,95.875,93.453,NA,96.266,95.638,93.132,91.974,89.016,NA,96.945,96.52,NA,93.212,94.641,NA,94.079,NA,NA,90.066,NA,92.131,94.876,95.717,95.71,94.728,91.851,96.689,91.244,95.458,88.283,97.012,93.959,94.481,95.94,95.47,97.514,93.284,95.563,96.694,NA,NA,NA,96.208,NA,93.339,NA,NA,NA,NA,NA,NA,94.737,96.214,NA,NA,NA,94.444,NA,93.842,NA,NA,30
100,96.514,95.588,89.381,96.269,96.881,NA,NA,NA,NA,NA,NA,NA,NA,97.786,NA,91.47,95.628,NA,83.877,96.527,NA,91.107,NA,95.212,94.708,NA,94.322,93.989,95.037,90.323,88.095,NA,97.601,94.322,NA,91.149,96.161,NA,96.133,NA,NA,88.095,NA,95.78,93.727,90.744,96.168,94.536,86.392,98.152,84.737,94,89.512,97.97,87.884,96.154,96.697,94.585,94.485,92.626,95.604,96.147,NA,NA,NA,96.875,NA,92.11,NA,NA,95.946,NA,NA,NA,88.065,97.075,NA,NA,NA,95.564,NA,92.125,NA,NA,31
100,96.73,95.049,93.73,95.749,95.836,NA,NA,NA,NA,NA,NA,NA,NA,93.273,NA,92.667,95.229,NA,84.367,96.606,NA,95.13,NA,95.556,92.825,NA,95.745,94.944,93.381,89.552,90.247,NA,96.149,96.34,NA,91.217,96.021,NA,95.469,76.665,NA,84.625,NA,93.364,94.563,94.524,96.606,91.974,94.977,96.538,92.936,95.372,89.974,96.556,93.088,94.907,95.922,94.815,96.606,93.372,94.462,95.698,96.534,NA,NA,96.859,NA,95.042,NA,NA,94.545,NA,NA,NA,94.018,94.426,NA,NA,NA,93.957,NA,89.429,NA,NA,32
100,96.296,95.339,89.754,99.156,95.359,NA,NA,NA,NA,NA,NA,NA,NA,90.456,NA,89.669,94.538,NA,92.308,92.887,NA,90.496,NA,96.639,77.178,NA,90.688,94.954,90.763,NA,89.212,NA,95,92.405,NA,95.299,95.378,NA,97.071,NA,NA,80.567,92.647,91.453,96.653,93.724,95.397,90.612,95.781,96.93,91.736,94.561,96.567,96.234,92.946,93.361,96.234,92.797,98.326,92.946,94.561,93.388,95.798,NA,NA,95.798,NA,92.083,NA,NA,89.958,NA,NA,NA,90.987,97.468,NA,NA,NA,95.781,NA,91.703,NA,NA,33
100,93.052,95.42,97.985,95.729,97.739,NA,NA,NA,NA,NA,NA,NA,NA,93.694,NA,95.238,92.965,NA,93.366,94.221,NA,94.802,NA,96.992,91.315,NA,92.857,96.758,95.037,85.075,90.909,NA,92,93.086,NA,95.431,92.857,NA,94.776,NA,NA,82.673,NA,94.789,97.494,92.947,97.243,93.415,97.236,96.517,88.078,96.543,91.176,96.25,94.307,92.91,97.487,93.333,96.491,95.477,94,93.734,98.005,NA,NA,94.486,NA,94.03,NA,NA,95.037,NA,NA,97.452,94.656,96.734,NA,NA,NA,92.526,NA,90.977,NA,NA,34
100,95.035,94.69,95.544,95.737,96.613,NA,NA,NA,NA,NA,NA,NA,NA,NA,NA,95.915,94.326,NA,88.534,92.769,NA,96.092,NA,96.595,91.84,NA,96.991,95.737,95.07,89.214,88.551,NA,90.265,93.25,NA,93.463,93.578,NA,93.348,NA,NA,85.833,NA,94.513,92.532,94.643,95.745,94.159,95.357,96.085,90.088,96.479,93.321,95.886,94.366,95.018,96.429,95.431,97.487,92.43,92.919,96.986,97.509,NA,NA,94.149,NA,94.149,NA,NA,93.705,NA,NA,95.39,92.652,97.853,NA,NA,NA,95.009,NA,93.881,NA,NA,35
100,NA,95.613,93.28,95.675,96.103,NA,NA,NA,NA,NA,NA,NA,NA,NA,NA,94.937,96.267,NA,91.254,95.503,NA,95.867,NA,95.403,93.484,NA,93.902,95.005,94.126,93.691,85.86,NA,92.268,95.902,NA,92.282,95.861,NA,NA,76.494,NA,82.475,77.5,95.016,94.93,94.781,95.765,94.836,95,95.906,93.589,95.104,89.995,92.272,95.296,94.843,95.726,95.147,95.435,94.682,94.362,97.488,97.212,NA,NA,96.94,NA,92.726,NA,NA,91.863,NA,NA,95.38,94.333,97.114,NA,NA,NA,93.653,NA,94.419,NA,NA,36
100,NA,96.703,96.337,92.727,97.07,NA,NA,NA,NA,NA,NA,NA,NA,NA,NA,94.052,96.269,NA,95.588,NA,NA,93.478,NA,94.928,95.324,NA,93.385,97.048,94.382,95.572,93.214,NA,94.565,94.403,NA,91.882,93.796,NA,NA,NA,NA,NA,NA,95.273,91.786,96.198,97.778,97.81,96.727,95.556,93.04,94.928,93.478,98.519,90.253,95.528,94.096,95.62,99.259,93.116,96.703,94.982,96.691,NA,NA,95.572,NA,90.775,NA,NA,92.308,NA,NA,96.667,96.31,97.398,NA,NA,NA,99.262,NA,94.052,NA,NA,37
100,NA,96.711,95.448,95.725,94.755,NA,NA,NA,NA,NA,NA,NA,NA,NA,NA,94.207,95.603,NA,92.378,NA,NA,95.312,NA,94.541,94.693,NA,92.305,94.721,93.123,93.071,90.844,NA,90.889,95.036,NA,91.701,95.058,NA,NA,77.351,NA,74.413,NA,94.476,96.125,93.992,90.114,95.957,95.287,95.827,87.285,94.803,93.328,95.792,91.871,95.004,95.218,93.968,96.467,92.331,94.262,96.493,94.949,NA,NA,95.524,NA,93.056,NA,NA,94.743,NA,NA,95.287,87.345,95.446,NA,NA,NA,94.042,NA,93.439,92.75,NA,38
100,NA,93.704,97.308,93.628,95.859,NA,NA,NA,NA,NA,NA,NA,NA,NA,NA,93.107,NA,NA,93.628,NA,NA,92.26,NA,95.067,93.718,NA,92.966,94.661,93.107,92.566,92.769,NA,92.74,93.1,NA,93.196,94.943,NA,NA,NA,75.979,83.871,NA,95.375,93.409,88.438,95.643,96.369,96.074,95.209,88.557,94.302,88.52,97.837,96.704,96.285,95.366,96.491,94.731,92.746,94.256,96.377,96.852,NA,NA,94.829,NA,93.033,NA,NA,93.037,NA,NA,95.026,94.081,95.742,NA,NA,NA,93.943,NA,94.595,96.062,NA,39
100,NA,NA,97.453,90.588,96.713,NA,NA,NA,NA,NA,NA,NA,NA,NA,NA,92.642,NA,NA,90.832,NA,NA,93.603,NA,94.407,92.123,NA,95.151,89.779,95.455,94.79,87.671,NA,94.958,96.075,NA,83.221,96.459,NA,NA,76.091,73.22,85.615,NA,93.255,95.23,91.414,95.051,95.897,95.623,95.946,91.639,NA,93.739,94.966,97.623,94.137,94.604,97.138,96.108,92.637,94.305,94.781,94.737,NA,NA,96.259,NA,92.321,NA,NA,95.118,NA,NA,95.068,92.736,95.983,NA,NA,NA,94.737,NA,92.36,95.424,NA,40
100,NA,NA,95.082,94.393,97.642,NA,NA,NA,NA,NA,NA,NA,NA,NA,NA,93.868,NA,NA,93.494,NA,NA,89.631,NA,93.911,92.706,NA,95.981,94.787,95.714,96.019,93.911,NA,94.824,93.602,NA,86.207,92.056,NA,NA,NA,NA,80.32,NA,92.689,95.294,89.791,96.698,95.981,96.471,95.283,91.569,NA,87.239,94.787,96.244,96.437,98.341,94.393,97.872,94.563,94.639,95.962,87.561,NA,NA,94.787,NA,93.473,NA,NA,95.024,NA,NA,97.642,93.812,94.145,NA,NA,NA,92.488,NA,91.927,93.647,NA,41
100,NA,NA,95.417,94.142,97.899,NA,NA,NA,NA,NA,NA,NA,NA,NA,NA,97.5,NA,NA,94.273,NA,NA,92.623,NA,94.167,97.095,NA,94.286,93.724,97.059,95.851,98.34,NA,93.033,92.917,NA,92.437,97.021,NA,NA,NA,NA,81.224,94.03,97.095,95.397,88.186,96.708,98.319,95.69,94.958,93.724,NA,97.046,97.899,96.218,95.833,97.899,95.041,97.908,94.239,96.639,94.538,93.478,NA,NA,98.734,NA,95.851,NA,NA,100,NA,NA,96.218,93.697,95.455,NA,NA,NA,98.75,NA,95.798,96.25,NA,42
100,NA,NA,93.907,95.83,95.389,NA,NA,NA,NA,NA,NA,NA,NA,NA,NA,94.48,NA,NA,93.357,NA,NA,92.183,NA,87.329,94.198,NA,90.531,94.029,93.423,95.045,92.122,NA,91.856,93.171,NA,89.972,94.281,NA,NA,82.463,79.306,83.027,73.766,93.915,93.172,89.911,95.126,96.57,94.319,94.309,93.519,NA,92.146,95.59,95.597,93.339,94.742,96.483,95.961,91.532,94.685,95.311,94.091,NA,NA,96.084,NA,93.817,NA,NA,94.883,NA,NA,95.758,94.155,95.863,NA,NA,NA,94.013,NA,95.613,96.306,NA,43
100,NA,NA,96.861,96.889,93.833,NA,NA,NA,NA,NA,NA,NA,NA,NA,NA,97.309,NA,NA,90.826,NA,NA,96.875,NA,NA,94.196,NA,93.119,94.686,95.982,93.886,95.089,NA,98.165,95.556,NA,92.07,96.476,NA,NA,NA,NA,84.348,NA,84.932,94.977,86.726,91.892,94.667,93.722,99.103,87.805,NA,90.952,89.427,96.861,93.213,95.964,93.392,97.321,95.045,93.578,97.297,96.347,NA,NA,97.297,NA,95.536,NA,NA,97.309,NA,NA,96.889,96,98.649,NA,NA,NA,97.357,NA,94.667,97.273,NA,44
100,NA,NA,95.312,96.078,96.094,NA,NA,NA,NA,NA,NA,NA,NA,NA,NA,96.512,NA,NA,87.109,NA,NA,96.923,NA,NA,89.105,NA,96.887,91.829,90.943,91.538,96.85,NA,93.846,94.141,NA,89.883,96.498,NA,NA,83.333,91.045,88.492,81.25,NA,97.276,91.473,94.981,95.703,96.911,96.484,91.288,NA,90.98,96.899,94.821,94.636,98.047,96.838,95.6,95.736,90.196,98.4,95.6,NA,NA,93.077,98.485,89.85,NA,NA,94.595,NA,NA,96.139,93.651,99.216,NA,NA,NA,95.618,NA,94.882,95.703,NA,45
100,NA,NA,96.146,94.98,96.146,NA,NA,NA,NA,NA,NA,NA,NA,NA,NA,91.429,NA,NA,89.842,NA,NA,94.683,NA,NA,87.55,NA,91.633,93.686,94.332,95.556,94.467,NA,98.156,97.336,NA,88.353,94.251,NA,NA,82.446,93.117,85.223,NA,NA,95.943,88.844,91.532,91.767,96.524,95.501,80.448,NA,85.404,96.914,96.735,95.918,96.538,92.771,96.364,94.118,92.261,96.13,97.358,NA,NA,96.154,95.132,92.958,NA,NA,93.456,NA,NA,95.297,95.697,95.775,NA,NA,NA,92.972,NA,94.094,92.308,NA,46
100,NA,NA,92.6,95.42,92.5,NA,NA,NA,NA,NA,NA,NA,NA,NA,NA,94.391,NA,NA,93.893,NA,NA,95.594,97.104,NA,92.692,NA,95.611,94.778,94.584,94.99,88.29,NA,95.594,96.176,NA,85.66,95.183,NA,NA,80.114,93.169,83.752,NA,81.481,95.761,92.205,96.578,95.019,96.183,96.935,81.202,NA,94.646,94.038,97.49,94.264,95.769,92.776,98.654,96.905,91.115,95.785,91.876,NA,NA,96.124,95.367,93.536,NA,NA,92.5,NA,NA,94.329,96.332,96.68,NA,88.953,NA,93.678,NA,95.174,94.667,NA,47
100,NA,NA,94.444,98.785,96.429,NA,NA,NA,NA,NA,NA,NA,NA,NA,NA,94.737,NA,NA,94.444,NA,NA,95.528,98.381,NA,89.683,NA,98.381,88.211,95.614,96.371,93.6,NA,95.276,97.447,NA,91.903,95.618,NA,NA,88.406,91.667,NA,NA,NA,95.161,93.548,95.984,95.219,94.4,96.356,87.931,NA,83.333,98.354,95.276,95.798,95.455,95.547,97.581,92.683,90.98,94.444,95.219,NA,NA,97.541,93.2,92.713,NA,NA,94.4,NA,NA,97.521,97.561,98.381,NA,87.931,NA,98.387,NA,98.79,97.166,NA,48
100,NA,NA,95.865,95.399,93.74,NA,NA,NA,NA,NA,NA,NA,NA,NA,NA,94.809,NA,NA,93.902,NA,NA,94.705,94.316,NA,86.12,NA,94.737,95.267,92.814,92.675,94.299,NA,NA,94.368,NA,85.325,92.868,NA,NA,80.24,92.736,NA,NA,91.667,92.615,93.303,92.542,91.258,95.245,93.76,90.396,NA,91.258,94.915,94.018,95.216,96.779,97.077,96.308,94.504,95.994,94.064,93.846,NA,NA,97.086,94.308,94.163,NA,NA,91.729,NA,NA,96.462,96.636,95.692,NA,85.672,NA,93.435,NA,94.018,95.712,NA,49
100,NA,NA,96.097,96.299,94.786,NA,NA,NA,NA,NA,NA,NA,NA,NA,NA,93.49,NA,NA,92.68,NA,NA,93.854,96.709,NA,88.153,NA,93.351,96.056,92.717,94.943,93.029,NA,NA,96.162,NA,92.236,95.62,NA,NA,NA,93.014,78.909,77.582,90.014,95.091,89.674,95.749,95.067,95.101,94.03,91.024,NA,89.788,94.351,93.413,96.097,96.102,94.737,94.91,94.681,93.076,96.294,96.18,NA,NA,93.729,95.588,93.083,NA,NA,89.014,NA,NA,92.051,96.291,97.368,NA,90.61,94.301,92.174,NA,97.248,95.293,NA,50
100,NA,NA,98.301,96.226,90.909,NA,NA,NA,NA,NA,NA,NA,NA,NA,NA,94.304,NA,NA,92.857,NA,NA,95.966,97.015,NA,96.398,79.562,89.834,95.096,91.966,95.949,91.543,NA,NA,97.204,NA,96.795,95.541,NA,NA,NA,93.277,85.053,84.746,88.542,98.298,88.537,94.375,95.905,96.61,96.391,93.534,NA,91.295,97.474,96.822,94.958,96.809,93.515,96.603,94.515,95.763,97.619,96.802,NA,NA,96.017,97.04,91.045,NA,NA,87.631,NA,NA,96.996,97.447,97.458,NA,95.532,96.829,90.698,NA,94.503,95.772,NA,51
100,NA,NA,95.727,95.637,94.839,NA,NA,NA,NA,NA,NA,NA,NA,NA,NA,90.96,NA,NA,90.438,NA,NA,96.998,95.507,NA,91.926,77.155,97.333,95.189,92.989,93.533,87.343,NA,NA,92.273,NA,88.814,95.522,NA,NA,74.862,95.497,81.477,NA,93.379,95.178,86.508,93.8,96.674,94.731,94.96,93.364,NA,86.458,97.344,95.293,94.483,92.087,93.651,96.882,93.417,94.158,96.886,96.987,NA,NA,95.853,97.008,93.127,NA,96.386,92.44,NA,NA,95.052,94.527,96.655,NA,97.578,93.537,96.318,NA,95.958,96.123,NA,52
100,NA,NA,96.696,96.523,95.888,NA,NA,NA,NA,NA,NA,NA,NA,NA,NA,91.893,NA,NA,94.331,NA,NA,94.978,96.294,NA,94.812,78.501,93.657,95.952,94.571,89.171,86.305,NA,NA,95.089,NA,94.531,96.319,NA,NA,NA,93.665,86.289,78.571,93.435,94.378,93.267,95.735,96.559,95.456,96.726,91.644,NA,90.361,96.262,93.717,95.961,95.524,95.763,95.441,94.274,93.567,95.912,96.356,NA,NA,96.783,95.264,94.898,NA,96.12,91.576,NA,NA,97.619,95.492,96.299,90.849,88.767,92.201,95.362,NA,95.1,95.149,NA,53
100,NA,NA,96.59,97.603,96.094,NA,NA,NA,NA,NA,NA,NA,NA,NA,NA,87.749,NA,NA,94.69,NA,NA,96.091,95.808,NA,95.168,81.77,96.389,95.903,95.649,84.618,78.877,NA,NA,93.916,NA,92.98,96.007,NA,NA,NA,NA,86.648,NA,94.209,93.331,87.064,94.324,96.167,95.244,96.628,92.352,NA,90.675,95.432,95.739,95.412,97.155,95.83,95.99,95.088,94.72,97.871,94.547,NA,NA,96.59,95.369,94.267,NA,95.964,90.424,NA,NA,94.98,96.436,96.298,93.103,94.331,92.778,93.067,NA,94.696,96.63,NA,54
100,NA,NA,97.532,95.734,95.794,NA,NA,NA,NA,NA,NA,NA,NA,NA,NA,95.226,NA,NA,95.303,NA,NA,94.915,96.419,NA,92.242,92.392,94.373,95.009,94.218,87.676,NA,NA,NA,97.332,NA,95.826,95.973,NA,NA,NA,NA,82.122,NA,81.601,94.606,88.195,93.702,96.075,93.287,96.733,93.401,NA,90.886,96.328,94.881,95.113,96.76,96.171,97.348,95.222,96.534,96.315,96.647,NA,NA,95.331,96.667,93.045,NA,94.966,94.692,NA,NA,93.793,94.242,96.239,84.184,92.973,91.674,91.802,NA,97.167,97.17,NA,55
100,NA,NA,94.349,97.537,96.585,NA,NA,NA,NA,NA,NA,NA,NA,NA,NA,90.909,NA,NA,84.119,NA,NA,94.928,98.034,NA,95.062,91.687,93.932,96.324,95.388,93.349,NA,NA,NA,96.822,NA,88.489,97.037,NA,NA,NA,NA,84.248,NA,89.254,97.311,95.652,91.127,96.117,87.835,95.844,96.798,NA,93.029,93.029,90.385,94.84,95.11,96.577,95.332,93.415,97.549,97.543,97.555,NA,NA,95.874,96.324,93.689,NA,93.447,94.444,NA,NA,97.059,94.66,93.659,87.379,91.084,95.599,96.078,NA,93.462,96.509,NA,56
100,NA,NA,89.428,97.121,94.591,NA,NA,NA,NA,NA,NA,NA,NA,NA,NA,86.683,NA,NA,95.965,NA,NA,96.277,93.665,NA,96.139,91.615,90.977,96.015,95.533,90.311,NA,NA,NA,94.856,NA,93.797,95.707,NA,NA,NA,NA,80.807,NA,84.828,95.387,90.637,96.37,95.539,94.783,97.103,95.125,NA,91.315,97.011,88.875,95.006,95.244,94.554,97.864,93.467,96.222,95.113,97.848,NA,NA,96.222,96.096,90.136,92.688,96.375,92.099,NA,NA,96.366,94.527,96.352,88.889,96.863,95.87,94.79,NA,94.14,95.575,NA,57
100,NA,NA,96.447,96.301,95.623,NA,NA,NA,NA,NA,NA,NA,NA,NA,NA,93.072,NA,NA,92.819,NA,NA,NA,97.497,NA,93.447,93.026,93.269,96.169,95.629,94.345,NA,NA,NA,96.937,NA,86.917,94.335,NA,NA,NA,NA,84.695,NA,95.646,96.032,94.024,92.47,96.194,93.074,97.739,89.817,NA,90.411,97.622,87.724,94.987,95.937,94.482,96.68,93.864,90.34,95.407,95.658,96.2,93.863,96.286,94.855,95.773,97.351,96.39,93.775,NA,NA,95.646,93.947,91.27,87.95,90.433,95.503,94.452,NA,96.053,96.301,NA,58
100,NA,NA,95.135,88.83,93.258,NA,NA,NA,NA,NA,NA,NA,NA,NA,NA,90.27,NA,NA,96.045,NA,NA,NA,93.989,NA,95.676,94.203,92.473,96.721,93.407,93.048,NA,NA,NA,95.652,NA,93.617,92.697,NA,NA,NA,NA,80.62,NA,94.149,91.534,88.525,95.628,97.268,96.257,94.054,88.649,NA,94.18,95.676,95.556,96.196,97.838,90.71,97.283,90.805,94.536,94.118,95.676,93.548,90.374,97.175,95.652,88.587,94.595,91.005,90.526,NA,NA,94.022,97.175,96.175,87.079,95.652,99.432,93.642,NA,98.907,98.864,NA,59
100,NA,NA,96.333,97.667,96.358,NA,NA,NA,NA,NA,NA,NA,NA,NA,NA,95.05,NA,NA,94.408,NA,NA,NA,94.079,NA,95.695,88.562,95.425,97.682,98,96.405,NA,NA,NA,98.35,NA,95.066,95.695,NA,NA,NA,NA,89.965,94.393,94.684,96.078,95.667,92.226,97.324,96.689,95.667,88.079,NA,96.678,97.674,91.398,95.177,96.667,98.007,98.305,96.667,96.689,97.36,98.667,97.682,96.321,99.336,95.695,90.909,99.303,99.336,97.705,NA,NA,96.053,94.04,97.682,90.753,95.333,94.118,93.75,NA,96.721,97.03,NA,60
100,NA,NA,94.32,96.929,98.269,NA,NA,NA,NA,NA,NA,NA,NA,NA,NA,95.337,NA,NA,94.032,NA,NA,NA,98.15,NA,96.069,92.606,93.788,96.933,96.446,94.219,NA,NA,NA,95.572,NA,92.546,95.438,NA,NA,NA,NA,82.405,NA,95.966,95.104,96.044,95.352,96.059,97.426,94.743,90.268,NA,94.465,96.37,94.994,94.519,95.745,96.81,94.711,93.505,93.888,93.489,96.81,96.41,93.588,95.332,97.171,89.731,98.509,97.982,94.37,NA,97.326,90.22,95.951,97.171,90.506,94.039,89.506,93.727,NA,93.268,94.096,NA,61
100,NA,NA,96.56,97.525,95.577,NA,NA,NA,NA,NA,NA,NA,NA,NA,NA,95.05,NA,NA,92.346,NA,NA,NA,94.866,NA,97.073,89.951,95.32,98.263,94.293,94.71,NA,NA,NA,96.287,NA,97.304,97.059,NA,NA,NA,NA,86.667,NA,96.04,92.665,96.296,NA,95.11,97.037,95.11,93.284,NA,87.857,98.267,96.25,93.399,96.287,94.293,97.022,95.844,94.891,98.276,91.667,96.341,94.608,98.267,95.32,88.434,92.995,96.305,95.122,NA,95.533,94.39,94.307,97.052,84.841,95.533,91.304,95.75,NA,94.866,98.272,NA,62
100,NA,NA,98.062,97.674,97.308,NA,NA,NA,NA,NA,NA,NA,NA,NA,NA,94.275,NA,NA,96.525,NA,NA,NA,96.154,NA,94.208,93.939,94.253,98.077,91.729,94.144,NA,NA,NA,92.664,NA,95.753,94.186,NA,NA,NA,NA,NA,NA,96.538,96.911,93.333,NA,94.944,97.692,92.395,92.664,NA,90.076,96.512,96.552,90.189,94.34,95.769,97.308,94.253,96.154,95.349,96.923,94.636,88.803,96.947,94.615,91.221,93.939,95.402,91.154,NA,88.213,93.462,93.536,97.297,87.547,93.436,93.962,95.455,NA,95.769,95.736,NA,63
100,NA,NA,95.048,97.232,96.938,NA,NA,NA,NA,NA,NA,NA,NA,NA,NA,92.121,NA,NA,92.434,NA,NA,NA,97.123,NA,92.513,90.406,92.454,96.763,94.031,93.924,NA,NA,NA,94.169,NA,95.233,95.462,NA,NA,NA,NA,81.33,NA,93.543,95.09,93.484,NA,NA,94.709,95.192,87.016,NA,91.638,95.837,92.58,95.069,94.454,94.169,97.025,92.268,95.035,96.777,94.926,96.959,93.465,95.633,94.026,94.545,95.645,96.254,95.322,NA,95.94,92.857,95.308,94.387,89.442,94.107,91.352,97.02,NA,94.55,94.852,NA,64
100,NA,NA,96.353,97.041,94.97,NA,NA,NA,NA,NA,NA,NA,NA,NA,NA,94.083,NA,NA,NA,NA,NA,NA,96.979,NA,94.379,89.118,91.42,96.142,93.433,94.895,NA,NA,NA,92.582,NA,NA,96.131,NA,NA,NA,NA,90.351,91.667,95.549,94.1,95.044,NA,NA,97.612,NA,NA,NA,90.448,98.204,94.611,96.131,97.024,94.69,99.099,97.538,94.69,96.997,99.102,97.321,97.305,96.45,97.305,86.919,95.821,97.033,93.86,NA,97.598,94.172,94.379,94.065,92.92,95.549,85.849,97.321,NA,95.87,92.262,NA,65
100,NA,NA,94.654,95.584,95.963,NA,NA,NA,NA,NA,NA,NA,NA,NA,NA,93.417,NA,NA,NA,NA,NA,NA,95.625,NA,91.95,82.298,90.994,98.738,95.298,93.458,NA,NA,NA,94.34,NA,NA,94.932,NA,NA,NA,NA,86.207,NA,94.322,95.938,94.006,NA,NA,97.619,NA,82.132,NA,90.997,95.57,86.707,96.215,94.375,97.785,97.161,90.032,90.566,99.367,94.304,96.835,97.785,96.215,98.077,93.478,95.932,96.835,95.342,NA,94.044,95.298,96.562,95.652,94.34,95.327,93.311,94.688,NA,92.767,92.523,NA,66
100,NA,NA,93.355,95.296,96.42,NA,NA,NA,NA,NA,NA,NA,NA,NA,NA,91.07,NA,NA,NA,NA,NA,NA,96.446,NA,94.489,85.714,93.805,95.227,95.396,93.018,NA,NA,NA,94.417,NA,NA,93.715,NA,NA,NA,NA,80.11,NA,91.687,95.755,92.794,NA,NA,94.256,NA,79.95,NA,89.696,95.343,91.653,94.872,94.151,95.462,95.114,89.968,93.976,96.036,94.198,92.759,96.759,96.689,94.318,90.568,94.597,95.38,93.861,NA,94.783,94.309,92.661,96.515,94.242,95.118,93.598,95.617,NA,95.041,96.179,NA,67
100,NA,NA,95.291,96.369,95.014,NA,NA,NA,NA,NA,NA,NA,NA,NA,NA,91.37,NA,NA,NA,NA,NA,NA,96.797,NA,95.152,90.43,100,95.822,97.207,95.41,NA,NA,NA,95.568,NA,NA,96.234,NA,NA,NA,NA,84.53,NA,94.15,96.566,92.629,NA,NA,91.933,NA,87.175,NA,93.688,96.255,93.653,95.712,94.576,95.568,94.89,91.298,94.979,96.213,97.346,94.159,96.224,97.179,93.204,93.785,98.047,96.255,93.872,NA,96.271,92.938,93.175,97.759,95.983,96.1,91.724,95.739,NA,95.833,97.479,NA,68
100,NA,NA,94.662,96.429,96.751,NA,NA,NA,NA,NA,NA,NA,NA,NA,NA,90.813,NA,NA,NA,NA,NA,NA,95.567,NA,94.794,94.746,NA,96.043,93.262,91.516,NA,NA,NA,96.057,NA,NA,95.17,NA,NA,NA,NA,85.231,NA,90.86,96.595,93.583,NA,NA,97.048,NA,78.559,NA,97.778,97.326,94.296,95.73,95.153,92.626,94.784,92.817,95.332,97.107,95.893,96.931,96.959,92.652,93.56,95.187,94.065,95.349,92.96,94.492,97.496,95.506,95.161,97.127,94.444,94.718,91.562,91.697,NA,93.463,96.825,NA,69
100,NA,NA,95.38,96.575,96.05,NA,NA,NA,NA,NA,NA,NA,NA,NA,NA,95.01,NA,NA,NA,NA,NA,NA,93.882,NA,93.404,88.769,NA,93.787,95.469,94.261,NA,NA,NA,95.231,NA,NA,82.266,NA,NA,NA,NA,85.127,74.419,90.805,94.141,95.958,NA,NA,94.478,NA,84.458,NA,NA,93.948,95.543,93.841,95.592,95.532,94.939,93.57,93.743,96.895,90.357,95.404,95.036,96.45,94.036,93.063,95.659,94.624,91.63,96.119,92.725,94.221,95.016,95.807,89.65,92.679,92.891,92.148,88.579,92.866,94.699,NA,70
100,NA,NA,96.875,97.906,NA,NA,NA,NA,NA,NA,NA,NA,96.867,NA,NA,95.789,NA,NA,NA,NA,NA,NA,97.638,NA,95.337,88.722,NA,95.128,92.487,96.073,NA,NA,NA,94.517,NA,NA,83.905,NA,NA,NA,NA,85.942,NA,92.105,95.065,95.55,NA,NA,95.908,NA,85.756,NA,NA,96.094,96.154,92.01,97.917,97.382,92.969,89.77,94.545,95.349,97.172,89.844,96.842,97.15,94.373,95.026,96.623,95.337,90.78,96.382,94.026,95.312,95.822,94.819,96.641,93.023,95.855,96.104,91.646,95.103,96.85,97.135,71
100,NA,NA,98.498,96.65,NA,NA,NA,NA,NA,NA,NA,NA,94.492,NA,NA,95.398,NA,NA,NA,NA,NA,NA,97.267,NA,91.605,96.035,NA,95.75,95.62,94.919,NA,NA,NA,93.078,NA,NA,82.506,NA,NA,NA,NA,85.905,80.87,87.476,94.737,94.638,NA,NA,92.629,NA,86.386,NA,NA,94.342,97.995,94.527,98.259,96.875,96.04,89.163,88.054,96.03,94.945,96.03,92.698,96.633,96.402,94.377,95.776,97.385,88.424,96.638,91.975,96.015,93.432,95.652,92.725,92.739,93.943,91.235,94.808,95.511,96.382,94.724,72
100,NA,NA,95.726,95.033,NA,NA,NA,NA,NA,NA,NA,NA,93.821,NA,NA,95.238,NA,NA,NA,NA,NA,NA,95.92,NA,92.547,90.552,NA,95.166,93.165,95.197,NA,NA,NA,94.324,NA,NA,90.587,NA,NA,NA,NA,83.844,77.06,NA,94.508,92.6,NA,NA,92.182,NA,85.185,NA,NA,NA,94.787,92.083,95.977,94.896,94.592,94.179,94.612,95.382,95.476,94.613,96.317,96.863,95.545,94.04,95.545,95.959,86.296,93.985,93.879,97.235,93.75,96.872,87.57,91.884,93.032,95.455,89.962,96.869,95.368,94.579,73
100,NA,NA,95.924,96.466,NA,NA,NA,NA,NA,NA,NA,NA,93.46,NA,NA,NA,NA,NA,NA,NA,NA,NA,96.873,NA,92.444,92.716,NA,93.914,94.856,94.677,NA,NA,NA,94.499,NA,NA,85.205,NA,NA,NA,NA,NA,80.086,NA,93.196,95.597,NA,NA,NA,NA,89.733,NA,NA,NA,95.272,94.577,93.798,95.333,92.356,91.1,94.585,96.944,95.551,94.034,95.881,96.74,97.575,94.437,94.284,96.605,90.693,95.91,92.963,96.246,95.458,96.178,89.087,90.371,92.943,94.47,92.832,94.349,96.464,95.245,74
100,NA,NA,98.765,97.976,NA,NA,NA,NA,NA,NA,NA,NA,95.749,NA,NA,NA,NA,NA,NA,NA,NA,NA,96.768,NA,93.4,93.561,NA,94.106,97.576,95.171,NA,NA,NA,96.982,NA,NA,83.041,93.496,NA,NA,NA,NA,80.18,NA,96.768,97.551,NA,NA,NA,NA,NA,NA,NA,NA,92.958,95.825,95.943,NA,87.698,89.8,94.643,96.825,95.19,95.817,96.627,95.984,95.808,94.758,95.984,96,93.267,94.98,96.755,95.792,92.786,95.556,91.485,94.309,97.077,92.698,89.062,93.964,96.356,94.411,75
100,NA,NA,92.658,NA,NA,NA,NA,NA,NA,NA,NA,NA,95.051,NA,NA,NA,NA,NA,NA,NA,NA,NA,95.712,NA,95.97,94.55,NA,95.165,94.466,94.289,NA,NA,NA,94.325,NA,NA,83.413,87.845,NA,NA,NA,NA,NA,NA,97.473,96.051,NA,NA,NA,NA,86.494,NA,NA,NA,95.939,95.823,92.741,NA,90.672,94.311,92.298,94.917,96.569,96.831,96.717,96.943,97.074,96.206,94.058,95.954,97.332,97.468,94.081,90.759,97.342,94.325,87.531,94.221,91.762,89.85,89.46,93.585,96.823,94.943,76
100,NA,NA,87.083,NA,NA,NA,NA,NA,NA,NA,NA,NA,93.333,NA,NA,NA,NA,NA,NA,NA,NA,NA,96.945,NA,90.835,83.133,NA,96.327,92.629,98.16,NA,NA,NA,94.715,NA,NA,87.168,93.763,NA,NA,NA,NA,NA,NA,NA,96.115,NA,NA,NA,NA,87.674,NA,NA,NA,96.349,93.023,96.933,NA,93.004,93.061,95.927,93.952,97.336,96.926,93.661,96.319,97.546,95.833,97.656,92.213,96.341,94.07,96.378,95.316,92.786,93.402,89.024,95.851,93.089,96.531,91.632,91.684,89.858,92.449,77
100,NA,NA,92.693,NA,NA,NA,NA,NA,NA,NA,NA,NA,95.094,NA,NA,NA,NA,NA,NA,NA,NA,NA,97.977,NA,91.799,93.614,NA,94.46,96.377,94.532,NA,NA,NA,95.094,NA,NA,86.111,94.653,NA,NA,NA,NA,77.762,NA,NA,94.653,NA,NA,NA,NA,93.544,NA,NA,NA,95.677,NA,95.797,NA,91.36,93.678,95.948,96.676,95.501,95.409,95.115,97.968,95.231,94.22,93.983,94.444,85.94,97.829,95.272,93.567,96.11,94.22,88.984,89.527,91.989,97.238,84.123,93.804,94.245,91.607,78
100,97.708,NA,94.627,NA,NA,NA,94.44,NA,95.077,95.773,NA,NA,94.639,NA,NA,NA,NA,NA,NA,NA,NA,NA,95,NA,93.5,91.972,NA,94.69,94.679,93.485,NA,NA,NA,92.64,NA,NA,83.06,93.142,NA,NA,NA,NA,83.676,NA,NA,94.914,NA,NA,NA,NA,91.081,NA,NA,NA,95.349,NA,94.667,NA,93.736,90.354,92.78,97.32,96.092,95.846,95.21,95.073,95.409,93.562,94.371,96.083,86.623,93.235,94.057,94.895,94.696,96.082,90.948,92.811,93.541,94.274,85.756,93.248,95.896,94.146,79
100,98.289,NA,94.667,NA,NA,NA,96.578,NA,90.189,97.901,NA,NA,96.805,NA,NA,NA,NA,NA,NA,NA,NA,NA,98.088,NA,90.467,91.729,NA,96.743,96.756,92.439,NA,NA,NA,91.396,NA,NA,87.684,90.994,NA,NA,NA,NA,92.308,NA,NA,96.183,NA,NA,NA,NA,89.591,NA,NA,NA,95.969,NA,NA,NA,94.78,91.634,97.328,95.094,96.952,97.736,94.847,97.318,96.408,93.246,97.921,95.429,89.239,94.847,96.958,93.346,95.992,94.307,89.962,94.297,92.897,96.947,90.652,97.701,94.508,94.487,80
100,95.967,84.433,95.309,86.582,87.817,84.171,96.687,85.176,94.737,98.247,83.503,87.879,96.162,86.667,84.461,87.121,87.31,84.422,85.176,86.294,86.26,83.846,96.998,86.935,84.858,91.522,85.753,94.572,94.245,91.719,79.434,86.26,85.411,88.946,77.716,74.82,82.738,92.008,80,NA,77.225,NA,83.206,73.571,76.347,94.888,79.07,78.884,77.315,76.347,82.353,78.095,75.172,75.524,94.221,76.247,75.776,78.025,95.986,86.66,93.361,95.544,96.615,96.166,96.687,95.332,96.066,92.025,94.964,85.026,95.868,93.639,96.058,95.487,92.157,95.292,94.161,92.748,92.652,95.351,90.051,92.492,92.806,94.045,81
100,95.893,NA,91.761,NA,NA,NA,93.973,NA,96.807,94.908,NA,NA,97.214,NA,NA,NA,NA,NA,NA,NA,NA,NA,95.325,94.467,86.164,93.489,NA,93.68,96.3,95.786,NA,NA,NA,90.602,NA,NA,83.458,92.668,NA,NA,NA,NA,78.542,NA,NA,94.639,NA,NA,NA,NA,NA,NA,NA,NA,95.194,NA,NA,NA,NA,93.096,94.051,96.48,95.603,97.942,95.558,96.701,96.926,92.183,95.585,96.509,94.286,92.782,93.456,95.558,93.272,96.058,94.893,96.691,93.827,94.253,90.486,96.615,95.876,92.658,82
100,95.426,NA,94.66,NA,NA,NA,94.73,NA,95.421,97.041,NA,NA,96.101,NA,NA,NA,NA,NA,NA,NA,NA,NA,97.007,92.355,87.841,94.638,NA,95.421,96.054,94.328,NA,NA,NA,93.617,NA,NA,NA,92.213,NA,NA,NA,NA,80.355,NA,NA,91.188,NA,NA,NA,NA,NA,NA,NA,NA,94.853,NA,NA,NA,NA,94.067,94.254,95.797,96.778,97.27,94.198,96.159,95.125,93.418,97.283,96.547,96.168,93.671,95.432,96.106,91.811,95.625,94.067,97.643,93.112,95.603,89.781,95.755,96.509,92.317,83
100,95.5,NA,94.949,NA,NA,NA,94.624,NA,95.98,96.482,NA,NA,95.238,NA,NA,NA,NA,NA,NA,NA,NA,NA,98.454,97.5,89.583,94,NA,97.5,95.98,91.542,NA,NA,NA,96.535,NA,NA,NA,93.5,NA,NA,NA,NA,NA,NA,NA,NA,NA,NA,NA,NA,NA,NA,NA,NA,95.855,NA,NA,NA,NA,95,94.949,90.865,98.485,97.03,96.482,96.875,95.98,NA,96.985,96.02,93.467,95.361,95.98,NA,95.5,91,92.118,95.455,96.465,99.497,92.537,96.482,97,95.96,84
100,97.27,NA,97.45,NA,NA,NA,94.016,NA,98.356,95.848,NA,NA,96.007,NA,NA,NA,NA,NA,NA,NA,NA,NA,97.096,95.917,89.008,95.837,NA,95.16,95.03,94.732,94.018,NA,NA,96.889,NA,NA,76.923,93.773,NA,NA,NA,NA,82.234,NA,NA,NA,NA,NA,NA,NA,NA,NA,NA,NA,95.286,NA,NA,NA,NA,91.487,91.163,95.971,97.545,92.779,96.815,94.708,96.175,NA,97.443,97.096,94.722,91.406,96.199,NA,95.727,97.719,89.652,94.149,92.35,94.727,92.218,93.525,94.809,94.455,85
100,93.386,NA,93.701,NA,NA,NA,93.701,96.61,94.805,97.917,NA,NA,96.073,NA,NA,NA,NA,NA,NA,NA,NA,NA,96.063,97.368,95.349,96.084,NA,95.526,NA,95.515,94.211,NA,NA,95.078,NA,NA,80.636,91.969,NA,NA,NA,NA,NA,NA,NA,NA,NA,NA,NA,NA,NA,NA,NA,NA,94.057,NA,NA,NA,NA,89.034,93.684,97.396,96.345,96.899,96.335,95.312,95.801,NA,96.85,93.473,91.123,93.351,95.801,NA,95.767,96.859,91.837,95.263,91.123,97.34,89.323,95.503,96.834,96.032,86
100,97.432,NA,96.014,NA,NA,NA,95.663,93.384,95.347,96.259,NA,NA,95.501,NA,NA,NA,NA,NA,NA,NA,NA,NA,96.356,94.651,92.972,88.445,NA,94.652,NA,94.558,93.697,NA,NA,94.402,NA,NA,80.603,90.601,NA,NA,NA,NA,76.661,NA,NA,NA,NA,NA,NA,NA,NA,NA,NA,NA,94.685,NA,NA,NA,NA,84.948,92.948,95.589,94.51,93.723,94.341,95.745,95.766,NA,96.931,96.246,95.246,92.911,94.068,NA,94.983,94.193,92.64,95.563,92.809,92.881,91.04,94.755,96.843,94.567,87
100,95.644,NA,95.534,NA,NA,NA,95.681,92.735,95.788,97.009,NA,94.834,95.526,NA,NA,NA,NA,NA,NA,NA,NA,NA,96.711,94.196,91.339,94.171,NA,94.184,NA,NA,90.304,NA,NA,95.173,NA,NA,77.437,89.63,NA,NA,NA,NA,NA,NA,NA,NA,NA,NA,NA,NA,NA,NA,NA,NA,NA,NA,NA,NA,NA,NA,90.221,96.061,94.955,94.927,95.681,96.145,92.034,NA,95.928,95.722,90.64,96.143,92.231,NA,94.728,96.101,89.671,94.692,91.726,93.83,91.569,95.066,94.577,92.877,88
100,96.822,NA,93.788,NA,NA,NA,93.214,93.415,94.604,95.909,NA,95.604,93.651,NA,NA,NA,NA,NA,NA,NA,NA,NA,96.707,95.244,95.726,94.411,NA,94.444,NA,NA,93.037,95.159,NA,94.411,NA,NA,82.944,89.701,NA,NA,NA,NA,86.181,NA,NA,NA,NA,NA,NA,NA,NA,NA,NA,NA,NA,NA,NA,NA,NA,90.411,94.559,96.069,95.526,95.499,96.088,95.854,97.674,NA,95.773,96.602,90.024,96.455,95.864,NA,NA,98.655,90.303,95.128,92.665,95.599,94.111,94.196,95.521,94.335,89
100,98.398,NA,97.323,NA,NA,NA,95.02,90.812,90.85,98.264,NA,97.739,95.75,NA,NA,NA,NA,97.835,NA,NA,NA,NA,97.59,93.591,93.617,93.14,NA,95.778,NA,NA,92.553,94.555,NA,96.543,NA,NA,87.686,87.598,NA,NA,NA,NA,84.545,NA,NA,NA,NA,NA,NA,NA,NA,NA,NA,NA,NA,NA,NA,NA,NA,95.641,93.574,NA,96.005,96.929,94.048,95.067,97.196,NA,96.817,95.37,93.447,96.937,92.032,NA,NA,98.128,94.062,94.032,90.521,92.294,91.039,94.598,96.796,90.318,90
100,97.516,NA,88.095,NA,NA,NA,95.342,95.062,95.062,98.742,NA,92.812,98.428,NA,NA,NA,NA,94.044,NA,NA,NA,NA,98.746,94.118,97.508,89.297,NA,95.399,NA,NA,87.5,93.61,NA,95.031,NA,NA,81.009,81.329,NA,NA,NA,NA,NA,NA,NA,NA,NA,NA,NA,NA,NA,NA,NA,NA,NA,NA,NA,NA,NA,93.846,NA,NA,96.885,92.946,96.562,94.704,96.894,NA,91.049,98.119,97.826,96.805,97.222,NA,NA,98.119,94.72,96.615,96.865,NA,91.385,96.273,96.238,93.884,91
100,96.206,NA,96.426,NA,NA,NA,97.38,93.26,93.57,96.63,NA,96.384,95.382,NA,NA,NA,NA,95.397,NA,NA,NA,NA,94.945,92.063,94.839,91.257,NA,95.512,NA,NA,89.597,95.604,NA,95.374,86.464,NA,83.936,89.687,NA,NA,NA,NA,87.356,NA,NA,NA,NA,NA,NA,NA,NA,NA,NA,NA,NA,NA,NA,NA,NA,91.493,NA,NA,92.462,96.374,96.796,94.781,96.456,NA,96.199,94.403,97.79,98.142,91.352,NA,NA,96.531,94.281,97.131,90.152,NA,93.372,92.72,94.113,89.22,92
100,98.343,NA,97.238,NA,NA,NA,98.895,94.624,90.608,94.149,NA,92.818,100,NA,NA,NA,NA,94.595,NA,NA,NA,NA,97.222,92.818,92.896,95.628,NA,95.028,NA,NA,92.391,94.382,NA,91.824,92.473,NA,88.69,84.865,NA,NA,NA,NA,92.35,NA,NA,NA,NA,NA,NA,NA,NA,NA,NA,NA,NA,NA,NA,NA,NA,93.407,NA,NA,96.685,93.382,93.443,97.268,96.703,NA,98.895,95.58,NA,96.154,94.595,NA,NA,98.889,92.179,95.556,93.443,NA,96.111,91.304,93.37,NA,93
100,97.087,NA,96.098,NA,NA,NA,91.08,96.651,96.078,96.117,NA,94.886,96.602,NA,NA,NA,NA,97.101,NA,NA,NA,NA,97.059,90.385,93.689,96.078,NA,97.087,NA,NA,96.078,85.78,NA,97.99,92.891,NA,85.377,93.706,NA,NA,NA,NA,95.122,NA,NA,NA,NA,NA,NA,NA,NA,NA,NA,NA,NA,NA,NA,NA,NA,84.974,NA,NA,92.788,99.024,97.101,93.868,98.551,NA,93.627,95.146,NA,98.537,96.585,NA,NA,99.512,83.732,95.61,88.152,NA,89.888,96.154,97.487,NA,94
100,96.222,NA,97.043,NA,NA,NA,97.436,89.52,96.804,97.74,NA,95.023,95.497,NA,NA,NA,NA,97.112,NA,NA,NA,NA,95.585,95.426,94.996,93.292,NA,92.396,NA,NA,92.935,93.617,NA,94.59,90.644,NA,92.598,93.232,NA,NA,NA,NA,95.504,NA,NA,NA,NA,NA,NA,NA,NA,NA,NA,NA,NA,NA,NA,NA,NA,88.617,NA,NA,86.265,96.043,97.416,97.338,95.743,NA,97.508,92.068,NA,97.091,92.019,NA,NA,96.782,86.159,95.479,93.359,NA,87.698,92.385,97.224,90.343,95
100,95.563,NA,96.497,NA,NA,NA,93.175,89.555,97.284,98.555,NA,93.354,94.136,NA,NA,NA,NA,93.829,NA,NA,NA,NA,96.815,92.552,94.603,92.994,NA,94.945,NA,NA,90.924,96.393,NA,96.013,88.959,NA,92.958,93.897,NA,NA,NA,NA,95.694,NA,NA,NA,NA,NA,NA,NA,NA,NA,NA,NA,NA,NA,NA,NA,NA,94.355,NA,NA,80.035,97.432,95.367,96.474,98.243,NA,93.408,97.619,NA,96.629,90.6,NA,NA,97.444,87.461,94.127,95.072,NA,85.44,93.76,94.822,95.2,96
100,92.737,NA,95.977,NA,NA,NA,94.857,89.444,95.977,93.923,NA,94.915,89.714,NA,NA,NA,NA,93.529,NA,NA,NA,NA,92.135,94.886,92.778,89.506,NA,97.714,NA,NA,87.861,94.828,NA,95.48,94.186,NA,96.571,91.011,NA,NA,NA,NA,95.977,NA,NA,NA,NA,NA,NA,NA,NA,NA,NA,NA,NA,NA,NA,NA,NA,92.09,NA,NA,81.481,96.552,96.045,94.286,95.429,NA,95.294,93.182,NA,98.276,91.011,NA,NA,98.295,90.395,92.982,90.395,NA,94.444,94.286,92.179,88.623,97
100,95.205,NA,93.836,NA,NA,NA,94.483,93.238,96.587,92.977,NA,99.306,88.889,NA,NA,NA,NA,92.808,NA,NA,NA,NA,97.603,96.233,91.753,93.471,NA,95.139,NA,NA,91.781,95.804,NA,96.886,83.505,NA,95.502,95.789,90.265,NA,NA,NA,95.172,NA,NA,NA,NA,NA,NA,NA,NA,NA,NA,NA,NA,NA,NA,NA,NA,94.828,NA,NA,81.139,96.194,94.521,97.222,98.264,NA,97.842,97.241,NA,97.931,89.761,NA,NA,96.564,91.034,92.734,94.845,NA,93.08,91.753,97.464,90.11,98
100,96.259,NA,94.648,NA,NA,NA,97.177,92.45,95.149,98.116,92.632,96.296,90.111,NA,91.233,NA,NA,95.271,NA,NA,NA,NA,95.774,93.221,93.428,89.454,NA,96.707,NA,NA,89.343,94.907,NA,94.997,89.312,NA,94.033,92.141,90.987,NA,NA,NA,93.546,NA,NA,NA,NA,NA,NA,NA,NA,NA,NA,NA,NA,NA,NA,NA,NA,93.622,NA,NA,81.058,95.908,93.805,94.469,86.528,NA,95.823,95.89,NA,96.115,93.606,NA,NA,97.737,92.715,95.69,90.049,NA,90.898,94.783,NA,93.591,99
100,97.959,NA,90.196,NA,NA,NA,93.701,94.175,97.6,97.619,97.189,92.188,89.558,NA,90.196,NA,NA,94.024,NA,NA,NA,NA,92.063,95.219,94.071,92.4,NA,96.825,NA,NA,89.474,93.676,NA,92.248,83.399,NA,95.984,88.142,92.52,NA,NA,NA,93.902,NA,NA,NA,NA,NA,NA,NA,NA,NA,NA,NA,NA,NA,NA,NA,NA,91.2,NA,NA,81.679,92.742,96.457,95.257,92.8,NA,92.43,97.951,NA,96.8,95.635,NA,NA,94.071,92.829,92.063,87.938,NA,87.833,NA,NA,95.378,100
100,97.778,NA,95.402,NA,NA,NA,98.305,93.103,100,99.438,97.191,97.633,94.444,NA,92.529,NA,NA,97.74,NA,NA,NA,NA,96.667,96.175,97.175,89.143,NA,97.74,NA,NA,89.506,98.958,NA,93.143,95.506,NA,94.972,87.662,90.805,NA,NA,NA,97.175,NA,NA,NA,NA,NA,NA,NA,NA,NA,NA,NA,NA,NA,NA,NA,NA,96.089,NA,NA,88.298,91.758,94.253,97.714,98.883,NA,91.573,99.432,NA,96,96.629,NA,NA,94.972,93.923,94.872,95,NA,97.74,NA,NA,95.092,101
100,97.382,NA,96.296,NA,NA,NA,97.884,92.105,99.471,96.875,97.368,95.855,94.737,NA,87.895,NA,NA,95.833,NA,NA,NA,NA,97.409,97.34,92.593,96.335,NA,96.859,NA,NA,86.022,97.619,NA,93.75,90.722,NA,94.086,86.667,93.158,NA,NA,NA,90.355,NA,NA,NA,NA,NA,NA,NA,NA,NA,NA,NA,NA,NA,NA,NA,NA,95.855,NA,NA,86.341,93.229,94.271,97.906,96.316,NA,98.421,97.906,NA,93.782,95.812,NA,NA,94.792,92.708,95.263,92.228,NA,93.684,NA,NA,96.296,102
100,94.92,NA,95.474,NA,NA,NA,97.661,93.878,95,96.093,93.235,95.93,90.711,NA,90.36,NA,NA,92.95,NA,NA,92.043,NA,94.428,96.334,92.576,90.719,NA,95.161,NA,NA,87.007,95.015,NA,94.453,85.486,NA,93.185,90.346,91.739,NA,NA,NA,88.142,NA,NA,NA,NA,NA,NA,NA,NA,NA,NA,NA,NA,NA,NA,NA,NA,92.453,NA,NA,85.795,94.783,94.428,92.669,95.754,NA,97.085,95.942,NA,97.361,98.23,NA,NA,94.876,93.75,95.773,90.118,NA,90.778,NA,NA,94.354,103
100,91.102,NA,95.283,NA,NA,NA,98.378,93.894,97.835,98.383,96.626,97.554,92.308,NA,95.181,NA,NA,97.436,NA,NA,95.442,NA,97.147,97.561,91.31,92.216,NA,96.626,97.927,NA,92.578,93.252,NA,95.671,90.802,NA,96.486,88.83,93.001,NA,NA,NA,NA,NA,NA,NA,NA,NA,NA,NA,NA,NA,NA,NA,NA,NA,NA,NA,NA,94.737,NA,NA,95.013,95.187,98.238,97.162,94.8,NA,97.294,95.135,NA,95.424,95.76,NA,NA,97.305,88.313,99.346,92.246,NA,94.259,NA,NA,94.823,104
100,96.377,NA,98.406,NA,NA,NA,96.788,95.924,95.936,97.388,93.362,94.887,92.561,NA,93.113,NA,NA,96.965,NA,NA,97.248,NA,96.076,95.671,94.331,94.118,NA,96.081,94.82,NA,96.171,94.323,NA,97.447,85.106,NA,96.667,89.441,91.896,NA,NA,NA,NA,NA,NA,NA,NA,NA,NA,NA,NA,NA,NA,NA,NA,NA,NA,NA,NA,95.942,NA,NA,92.163,94.745,96.807,95.791,94.676,NA,96.939,97.817,NA,93.966,94.075,NA,NA,98.243,95.154,NA,96.081,NA,92.017,NA,NA,94.372,105
100,95.116,NA,96.394,NA,NA,93.359,92.61,92.349,96.328,96.89,94.262,96.122,91.892,NA,95.078,NA,NA,96.057,NA,NA,95.811,NA,96.026,94.076,91.229,92.308,NA,95.221,95.621,NA,91.083,92.773,NA,94.037,90.155,NA,94.997,89.916,92.528,NA,NA,NA,NA,NA,NA,NA,NA,NA,NA,NA,NA,NA,NA,NA,NA,NA,NA,NA,NA,95.039,NA,NA,95.338,96.176,95.381,95.102,94.248,NA,95.696,96.539,NA,95.602,95.272,NA,NA,95.267,93.865,NA,90.519,NA,88.421,NA,NA,92.08,106
100,97.554,NA,95.32,NA,NA,96.158,92.06,94.597,96.061,95.764,97.041,94.529,92.596,NA,95.204,NA,NA,93.124,NA,NA,92.206,NA,96.853,92.315,95.838,94.732,NA,96.041,96.349,NA,92.698,93.327,NA,97.355,91.383,NA,96.853,89.749,92.778,NA,NA,NA,NA,NA,NA,NA,NA,NA,NA,NA,NA,NA,NA,NA,NA,NA,NA,NA,NA,94.919,NA,NA,93.623,96.165,94.625,98.598,92.908,NA,96.36,96.939,NA,95.956,96.15,NA,NA,96.622,95.758,NA,89.57,NA,92.574,NA,NA,93.681,107
100,96.708,NA,95.288,94.359,NA,93.461,94.575,91.975,95.833,97.099,96.338,94.434,93.342,NA,94.234,NA,NA,91.651,NA,NA,94.818,NA,96.283,91.111,92.941,92.162,NA,94.227,94.74,NA,93.003,91.636,NA,94.786,93.465,NA,95.46,87.63,92.52,NA,NA,NA,NA,NA,NA,NA,NA,NA,NA,NA,NA,NA,NA,NA,NA,NA,NA,NA,NA,93.994,NA,NA,96.098,95.452,95.392,NA,96.06,NA,96.898,94.62,NA,96.333,95.009,NA,NA,96.586,93.252,NA,89.851,NA,87.561,NA,NA,93.568,108
100,97.462,NA,97.124,96.622,NA,92.988,94.868,93.051,96.954,97.138,96.627,94.266,95.134,NA,95.271,NA,NA,92.487,NA,NA,95.591,NA,96.477,96.453,94.295,93.761,NA,96.482,90.803,NA,93.311,91.833,NA,90.787,91.312,NA,94.764,87.541,96.265,NA,NA,NA,NA,NA,NA,NA,NA,NA,NA,NA,NA,NA,NA,NA,NA,NA,NA,NA,NA,93.098,NA,NA,NA,95.286,96.296,NA,NA,NA,97.793,94.388,NA,95.966,91.077,NA,NA,94.799,95.11,NA,93.96,NA,83.721,NA,NA,94.764,109
100,96.594,NA,97.205,95.046,NA,91.72,97.833,94.357,98.131,98.447,94.19,95.639,89.571,NA,93.115,NA,NA,91.331,NA,NA,95.146,NA,94.512,94.212,92.308,93.6,NA,95.37,93.115,NA,94.118,91.071,NA,95.679,93.827,NA,94.704,85.965,95.342,NA,NA,NA,NA,NA,NA,NA,NA,NA,NA,NA,NA,NA,NA,NA,NA,NA,NA,NA,NA,90.994,NA,NA,NA,92.994,95.37,NA,NA,NA,95.077,97.826,NA,96.053,98.101,NA,NA,93.417,90.523,NA,96.497,NA,NA,NA,NA,95.342,110
100,98.301,NA,96.101,96.109,NA,96.798,94.737,96.402,94.682,96.304,95.26,96.122,93.118,NA,95.579,NA,NA,96.19,NA,NA,96.013,NA,96.614,97.034,96.207,91.39,NA,93.697,93.711,NA,92.201,97.237,NA,96.805,91.599,NA,93.737,84.767,94.204,NA,NA,NA,NA,NA,NA,NA,NA,NA,NA,NA,NA,NA,NA,NA,NA,NA,NA,NA,NA,94.842,NA,NA,NA,96.478,97.349,NA,NA,NA,96.617,97.216,NA,89.463,89.524,NA,NA,94.087,95.45,NA,94.853,NA,92.918,NA,NA,94.509,111
100,97.313,NA,95.224,95.827,NA,93.971,95.434,93.223,95.678,95.846,89.153,96.407,92.669,NA,95.202,NA,NA,96.246,NA,NA,94.478,NA,97.451,96.541,95.827,89.249,NA,94.682,93.912,NA,88.889,94.578,NA,95.536,89.291,NA,90.701,87.5,94.675,NA,NA,NA,NA,NA,NA,NA,NA,NA,NA,NA,NA,NA,NA,NA,NA,NA,NA,NA,NA,95.659,NA,NA,NA,95.808,93.769,NA,NA,NA,97.301,98.269,NA,92.515,95.529,NA,NA,96.007,94.872,NA,93.056,NA,90.047,NA,NA,94.925,112
100,95.693,NA,95.906,95.872,NA,95.287,94.039,95.676,96.319,94.201,95.568,97.569,93.784,NA,95.039,NA,NA,96.625,NA,NA,94.79,NA,96.16,92.84,93.647,92.482,NA,95.387,95.765,NA,94.223,92.746,NA,94.894,94.371,NA,89.953,90.178,87.548,NA,NA,NA,NA,NA,NA,NA,NA,NA,NA,NA,NA,NA,NA,NA,NA,NA,NA,NA,NA,93.511,NA,NA,NA,94.683,95.156,NA,NA,NA,95.83,95.242,NA,95.997,97.402,NA,NA,96.88,90.303,NA,94.118,NA,90.454,NA,NA,92.23,113
100,87.653,NA,93.399,96.563,NA,96.382,98.117,91.564,90.829,98.022,94.604,94.748,85.56,NA,95.48,NA,NA,96.674,NA,NA,95.71,NA,95.691,95.724,95.81,94.377,NA,97.023,94.085,NA,95.81,94.661,NA,97.228,91.837,NA,NA,90.111,91.64,NA,NA,NA,NA,NA,NA,NA,NA,NA,NA,NA,NA,NA,NA,NA,NA,NA,NA,NA,NA,92.881,NA,NA,NA,93.873,94.481,NA,NA,NA,89.738,NA,NA,97.121,96.026,NA,NA,95.122,94.165,NA,NA,NA,88.017,NA,NA,96.222,114
100,97.115,NA,97.253,95.598,NA,97.799,96.038,91.484,96.286,94.83,95.592,96.708,92.36,95.245,91.655,NA,NA,97.802,NA,NA,94.865,NA,95.748,92.71,93.997,93.122,NA,96.694,92.455,NA,88.011,91.7,NA,95.622,89.33,NA,NA,90.736,NA,NA,NA,NA,NA,NA,NA,NA,NA,NA,NA,NA,NA,NA,NA,NA,NA,NA,NA,NA,NA,79.066,NA,NA,NA,93.874,90.797,NA,NA,NA,96.429,NA,NA,95.075,92.877,NA,NA,98.08,91.24,NA,NA,NA,87.919,NA,NA,92.722,115
100,95.775,NA,94.545,99.061,NA,94.286,96.33,95.775,93.519,96.774,93.056,95.833,92.991,94.907,95.775,NA,NA,93.488,NA,NA,94.977,NA,93.953,96.078,90.868,95,NA,97.664,99.065,NA,87.615,92.523,NA,98.131,94.203,NA,NA,NA,NA,NA,NA,NA,NA,NA,NA,NA,NA,NA,NA,NA,NA,NA,NA,NA,NA,NA,NA,NA,NA,96.759,NA,NA,NA,93.548,92.237,NA,NA,NA,97.596,NA,NA,96.774,93.925,NA,NA,95.37,93.151,NA,NA,NA,84.314,NA,NA,95.794,116
100,95.938,NA,94.584,97.934,NA,94.908,95.146,92.468,96.173,96.226,93.83,95.411,89.451,95.26,95.151,NA,99.038,94.863,NA,85.891,94.852,NA,95.35,92.74,92.523,93.367,NA,94.509,93.227,NA,94.49,94.271,NA,94.769,90.628,NA,NA,86.217,86.885,NA,NA,NA,NA,NA,NA,NA,NA,NA,NA,NA,NA,NA,NA,NA,NA,NA,NA,NA,NA,80.56,NA,NA,NA,96.875,94.664,NA,NA,NA,96.692,NA,NA,94.606,91.667,NA,NA,94.667,90.197,NA,NA,NA,89.627,NA,NA,94.697,117
100,96.758,NA,94.6,96.176,NA,96.621,96.118,91.039,94.996,97.758,94.156,95.411,87.9,96.32,94.902,NA,97.176,95.608,NA,88.672,95.971,NA,95.18,92.469,93.634,93.118,NA,96.237,95.245,NA,93.177,93.464,NA,96.538,90.473,NA,NA,85.248,94.333,NA,NA,NA,NA,NA,NA,NA,NA,NA,NA,NA,NA,NA,NA,NA,NA,NA,NA,NA,NA,90.209,NA,NA,NA,95.298,NA,NA,NA,NA,97.25,NA,NA,94.306,94.669,NA,NA,95.68,92.73,NA,NA,NA,91.388,NA,NA,91.565,118
100,94.783,NA,96,91.342,NA,98.701,98.684,95.197,93.939,92.576,94.372,94.372,93.671,98.276,95.279,NA,97.403,96.053,NA,96.491,95.089,98.077,94.76,96.46,91.845,98.182,NA,91.81,94.872,NA,93.562,93.534,NA,97.403,90.374,NA,NA,87.826,83.784,NA,NA,NA,NA,NA,NA,NA,NA,NA,NA,NA,NA,NA,NA,NA,NA,NA,NA,NA,NA,95.197,NA,NA,NA,NA,NA,NA,NA,NA,95.652,NA,NA,97.826,97.156,NA,NA,93.22,95.238,NA,NA,NA,89.54,NA,NA,90.741,119
100,94.73,NA,93.585,95.98,NA,93.593,96.855,89.447,95.849,97.358,98.35,97.468,89.828,96.981,95.609,NA,97.362,96.73,NA,84.316,94.514,93.742,97.475,95.352,96.595,95.702,NA,96.212,92.919,NA,94.361,96.456,NA,93.703,87.547,NA,NA,89.055,86.691,NA,NA,NA,NA,NA,NA,NA,NA,NA,NA,NA,NA,NA,NA,NA,NA,NA,NA,NA,NA,94.268,NA,NA,NA,NA,NA,NA,NA,NA,96.474,NA,NA,96.338,95.854,NA,NA,93.508,94.83,NA,NA,NA,92.704,NA,NA,92.956,120
100,93.333,87.28,93.789,95.652,NA,94.394,95.764,91.259,94.548,96.947,95.176,96.754,93.274,96.559,96.83,NA,95.367,95.439,NA,84.183,93.566,92.562,96.258,96.047,94.897,94.555,NA,94.171,92.852,NA,91.684,94.751,NA,94.997,90.853,95.735,NA,85.841,91.695,NA,NA,NA,NA,NA,NA,NA,NA,NA,NA,NA,NA,NA,NA,NA,NA,NA,NA,NA,NA,NA,NA,NA,NA,NA,NA,NA,NA,NA,96.332,NA,NA,95.67,95.643,NA,NA,94.341,92.636,NA,NA,NA,88.455,NA,NA,93.237,121
100,95.806,96.795,97.087,94.371,NA,91.29,95.556,94.534,92.675,98.371,98.701,95.44,94.62,94.921,93.871,NA,96.732,97.735,NA,82.484,98.366,96.141,98.052,95.146,94.839,93.528,NA,95.349,92.182,NA,83.442,96.154,NA,93.204,93.182,93.464,NA,89.172,91.772,NA,94.615,NA,NA,NA,NA,NA,NA,NA,NA,NA,NA,NA,NA,NA,NA,NA,NA,NA,NA,NA,NA,NA,NA,NA,NA,NA,NA,NA,95.44,NA,NA,95.484,97.068,NA,NA,97.712,93.851,NA,NA,NA,91.608,NA,NA,97.059,122
100,95.696,90.556,96.61,95.249,NA,94.494,94.773,90.337,94.671,97.029,96.28,95.895,94.677,95.351,96.25,NA,96.493,96.207,NA,79.412,95.603,90.816,95.716,95.692,95.372,95.805,NA,96.453,92.291,NA,95.011,94.071,NA,95.786,88.603,94.802,NA,87.528,93.356,NA,88.549,NA,NA,NA,NA,NA,NA,NA,NA,NA,NA,NA,NA,NA,NA,NA,NA,NA,NA,NA,NA,NA,NA,NA,NA,NA,NA,NA,89.675,NA,NA,94.438,96.364,NA,NA,96.818,94.316,NA,NA,NA,NA,NA,NA,94.231,123
100,92.44,91.696,97.569,97.603,NA,95.876,95.876,93.493,92.542,96.897,96.218,97.931,93.197,96.564,95.548,91.837,98.239,96.259,NA,84.286,94.521,96.429,96.233,94.464,94.502,93.836,NA,97.917,89.796,NA,97.232,93.728,NA,95.286,90.411,84.477,NA,85.106,94.502,NA,87.797,NA,NA,NA,NA,NA,NA,NA,NA,NA,NA,NA,NA,NA,NA,NA,NA,NA,NA,NA,NA,NA,NA,NA,NA,NA,NA,NA,95.205,NA,NA,97.173,87.5,NA,NA,91.438,92.014,NA,NA,NA,NA,NA,NA,94.035,124
100,94.146,95.13,97.035,94.281,NA,94.373,94.805,85.197,97.841,96.066,96.382,96.727,94.876,95.902,96.399,92.357,95.269,94.454,NA,79.288,96.563,94.389,96.88,95.44,96.393,91.721,NA,94.822,87.5,NA,90.909,94.389,NA,95.254,89.416,92.624,NA,92.22,93.076,NA,83.876,NA,NA,NA,NA,NA,NA,NA,NA,NA,NA,NA,NA,NA,NA,NA,NA,NA,NA,NA,NA,NA,NA,NA,NA,NA,NA,NA,93.791,NA,NA,94.669,94.634,NA,NA,93.171,92.593,NA,NA,NA,NA,NA,NA,96.211,125
100,94.867,97.448,95.495,96.215,NA,92.813,95.141,90.399,96.501,97.004,95.209,96.999,95.887,95.627,95.571,90.839,94.764,94.213,NA,79.965,93.907,88.485,96.009,95.706,92.102,93.15,NA,94.488,91.214,NA,92.152,96.947,NA,95.48,91.588,90.639,NA,89.582,94.141,NA,83.829,NA,NA,NA,NA,NA,NA,NA,NA,NA,NA,NA,NA,NA,NA,NA,NA,NA,NA,NA,NA,NA,NA,NA,NA,NA,NA,NA,95.777,NA,NA,96.099,94.663,NA,NA,91.513,88.753,NA,NA,NA,NA,NA,NA,93.909,126
100,96.296,94.483,95.622,95.288,NA,95.263,93.391,90.354,96.245,95.717,94.97,95.188,93.81,93.734,94.856,88.86,95.101,96.063,NA,77.498,94.874,91.564,92.808,94.174,93.699,93.674,NA,93.799,87.086,NA,87.887,92.045,NA,94.526,91.828,94.343,NA,91.489,90.172,NA,86.444,NA,NA,NA,NA,NA,NA,NA,NA,NA,NA,NA,NA,NA,NA,NA,NA,NA,NA,NA,NA,NA,NA,NA,NA,NA,NA,NA,95.804,NA,NA,96.681,95.367,NA,NA,93.403,94.249,NA,NA,NA,NA,NA,NA,92.489,127
100,92.169,90.214,93.846,91.793,NA,95.092,96.644,92.988,97.196,97.84,95.092,95.107,91.975,97.222,95.963,85.671,95.706,95.37,NA,NA,95.963,92.542,92.966,97.214,90.881,92.793,NA,95.046,91.892,NA,89.939,94.495,NA,95.625,89.905,95.427,NA,89.815,90.764,NA,84.211,NA,NA,NA,NA,NA,NA,NA,NA,NA,NA,NA,NA,NA,NA,NA,NA,NA,NA,NA,NA,NA,NA,NA,NA,NA,NA,NA,95.092,NA,NA,93.902,95.652,NA,NA,94.529,NA,NA,NA,NA,NA,NA,NA,94.495,128
100,94.079,98.413,96.53,93.498,NA,93.891,97.5,92.523,96.25,97.799,96.507,95.283,95.611,95.899,95.268,91.743,97.492,94.375,NA,83.133,96.855,91.111,98.428,97.785,93.671,94.671,NA,97.792,94.444,NA,91.223,95.95,NA,98.738,91.456,95.925,NA,NA,89.783,NA,85.05,NA,NA,NA,NA,NA,NA,NA,NA,NA,NA,NA,NA,NA,NA,NA,NA,NA,NA,NA,NA,NA,NA,NA,NA,NA,NA,NA,96.835,NA,NA,96.855,97.476,NA,NA,96.226,NA,NA,NA,NA,NA,NA,NA,97.143,129
100,94.615,97.436,95.249,93.313,95.432,95.378,96.587,91.797,96.615,97.362,96.605,94.14,95.944,95.22,92.225,90.79,97.063,93.65,NA,75.581,95.521,88.804,94.235,93.755,94.005,95.066,NA,97.597,94.037,89.482,90.666,93.62,94.118,94.222,87.386,92.243,NA,86.546,88.771,NA,85.242,76.615,81.25,NA,NA,NA,NA,NA,NA,NA,NA,NA,NA,NA,NA,NA,NA,NA,NA,NA,NA,NA,NA,NA,NA,NA,NA,NA,96.902,NA,NA,96.451,96.591,NA,NA,95.898,NA,NA,NA,NA,NA,NA,NA,93.533,130
100,96.356,96.06,96.902,95.43,96.699,94.286,97.566,96.375,97.329,96.702,92.758,95.671,95.541,95.957,94.677,92.626,96.902,96.261,NA,94.28,96.261,93.17,95.731,93.424,94.271,90.717,96.06,96.051,90.947,91.713,90.106,94.298,94.374,94.38,87.577,96.285,82.189,91.763,88.449,NA,89.183,81.576,NA,NA,NA,NA,NA,NA,NA,NA,NA,NA,NA,NA,NA,NA,NA,NA,NA,NA,NA,NA,NA,NA,NA,NA,NA,NA,93.901,NA,NA,96.887,NA,NA,NA,97.251,NA,NA,NA,NA,NA,NA,NA,89.893,131
100,96.567,98.707,98.276,98.283,98.291,93.75,100,97.436,98.291,99.567,93.814,96.581,97.403,97.425,94.85,92.405,96.957,97.021,NA,94.515,95.279,96.154,99.115,93.75,95.359,93.644,98.701,91.597,93.191,92.035,95.279,99.138,93.103,94.85,85.833,97.021,93.562,90.517,91.489,NA,87.719,86.179,NA,NA,NA,NA,NA,NA,NA,NA,NA,NA,NA,NA,NA,NA,NA,NA,NA,NA,NA,NA,NA,NA,NA,NA,NA,NA,98.268,NA,NA,NA,NA,NA,NA,NA,NA,NA,NA,NA,NA,NA,NA,NA,132
100,95.898,95.898,95.703,97.059,95.499,90.98,95.695,95.312,95.906,97.864,96.318,96.296,94.106,93.555,94.706,90.329,91.749,97.843,92.338,93.786,90.675,95.525,94.118,94.563,94.163,93.177,93.91,96.68,93.922,92.955,92.308,96.078,95.89,97.065,88.068,88.477,94.027,90.258,74.419,NA,82.296,80.439,NA,NA,NA,NA,NA,NA,NA,NA,NA,NA,NA,NA,NA,NA,NA,NA,NA,NA,NA,NA,NA,NA,NA,NA,NA,NA,95.294,NA,NA,NA,NA,NA,NA,NA,NA,NA,NA,NA,NA,NA,NA,NA,133
100,96.128,93.744,95.562,95.739,96.503,94.223,95.677,95.735,96.223,95.459,94.392,95.476,96.786,97.07,93.633,95.936,95.759,94.891,91.157,97.159,95.802,94.802,94.156,96.591,93.977,95.184,94.547,92.706,82.557,91.659,88.636,95.648,95.97,95.472,88.164,83.883,90.758,87.046,77.778,NA,85.837,82.09,77.828,NA,75.377,83.871,75.907,NA,75.443,74.631,NA,82.065,NA,74.307,85.894,75,88.393,79.221,85.821,76.41,83.75,84.383,88.161,86.514,86.146,84.962,86.445,79.901,96.289,88.333,85.606,83.627,86.514,86.667,82.785,85.36,86.423,83.75,83.844,86.835,81.572,83.636,82.62,83.668,134
100,95.474,90.456,95.749,97.162,98.904,96.095,97.403,96.272,97.391,96.725,95.981,97.817,95.395,95.914,91.613,96.963,96.544,94.647,93.913,97.374,95.671,93.275,91.81,95.238,96.529,96.095,93.626,95.887,91.333,94.647,87.643,93.506,95.861,92.358,84.582,94.218,86.437,89.079,76.797,77.922,89.172,91.071,NA,NA,NA,NA,NA,NA,NA,NA,NA,NA,NA,NA,NA,NA,NA,NA,NA,NA,NA,NA,NA,NA,NA,NA,NA,NA,96.364,NA,NA,NA,NA,NA,NA,NA,NA,NA,NA,NA,NA,NA,NA,NA,135
100,93.433,92.434,97.241,96.979,96.97,93.433,94.379,98.171,91.265,96.584,95.584,98.795,94.88,96.096,96.885,98.182,94.643,95.821,95.482,97.885,96.96,96.386,93.114,96.375,96.997,95.137,96.396,94.91,93.731,92.901,93.093,97.313,93.656,95.468,92.857,93.491,91.291,86.926,NA,87.342,87.241,76.351,NA,NA,NA,NA,NA,NA,NA,NA,NA,NA,NA,NA,NA,NA,NA,NA,NA,NA,NA,NA,NA,NA,NA,NA,NA,NA,NA,NA,NA,NA,NA,NA,NA,NA,NA,NA,NA,NA,NA,NA,NA,NA,136
100,97.799,96.372,94.155,96.349,93.963,91.757,95.899,95.141,95.814,94.277,95.476,95.372,95.597,94.182,94.219,93.574,94.016,96.541,95.925,93.302,95.342,93.323,97.17,91.331,94.787,92.879,90.909,94.574,92.901,91.049,92.247,91.195,95.455,89.252,87.097,93.604,92.012,88.818,85.502,78,85.056,89.474,NA,NA,NA,NA,NA,NA,NA,NA,NA,NA,NA,NA,NA,NA,NA,NA,NA,NA,NA,NA,NA,NA,NA,NA,NA,NA,NA,NA,NA,NA,NA,NA,NA,NA,NA,NA,NA,NA,NA,NA,NA,NA,137
